"MUN","DEP","OIZ","JMS","BLANCOS","SIN.MARCA","NULOS","POTENCIAL","TOTAL","DANE","GANADOR"
"EL ENCANTO","Amazonas",120,110,2,2,15,746,249,"91263","OIZ"
"LA CHORRERA","Amazonas",147,337,0,3,6,1038,493,"91405","JMS"
"LA PEDRERA","Amazonas",63,116,3,1,4,1042,187,"91407","JMS"
"LA VICTORIA","Amazonas",3,2,1,0,0,23,6,"91430","OIZ"
"LETICIA","Amazonas",7097,4893,384,59,216,31335,12649,"91001","OIZ"
"MIRITI PARANA","Amazonas",9,57,2,0,1,459,69,"91460","JMS"
"PUERTO ALEGRIA","Amazonas",22,38,2,0,0,277,62,"91530","JMS"
"PUERTO ARICA","Amazonas",47,71,0,0,1,403,119,"91536","JMS"
"PUERTO NARIÑO","Amazonas",793,930,24,9,32,4014,1788,"91540","JMS"
"PUERTO SANTANDER","Amazonas",71,116,2,0,0,654,189,"91669","JMS"
"TARAPACA","Amazonas",118,301,6,7,3,1322,435,"91798","JMS"
"ABEJORRAL","Antioquia",5300,1262,186,53,132,14939,6933,"5002","OIZ"
"ABRIAQUI","Antioquia",514,308,30,6,17,1903,875,"5004","OIZ"
"ALEJANDRIA","Antioquia",959,1120,84,17,26,4377,2206,"5021","JMS"
"AMAGA","Antioquia",4696,3494,624,46,381,20893,9241,"5030","OIZ"
"AMALFI","Antioquia",3543,871,324,51,146,15588,4935,"5031","OIZ"
"ANDES","Antioquia",10324,2829,563,77,304,32918,14097,"5034","OIZ"
"ANGELOPOLIS","Antioquia",1560,594,116,16,67,5466,2353,"5036","OIZ"
"ANGOSTURA","Antioquia",2161,1220,129,62,160,8632,3732,"5038","OIZ"
"ANORI","Antioquia",984,1251,119,38,46,10215,2438,"5040","JMS"
"ANTIOQUIA","Antioquia",4720,3274,444,75,287,18537,8800,"5042","OIZ"
"ANZA","Antioquia",1764,550,80,24,38,5322,2456,"5044","OIZ"
"APARTADO","Antioquia",13232,22551,1661,137,531,82208,38112,"5045","JMS"
"ARBOLETES","Antioquia",3199,6917,116,71,91,21371,10394,"5051","JMS"
"ARGELIA","Antioquia",2522,353,45,12,36,6489,2968,"5055","OIZ"
"ARMENIA","Antioquia",1117,692,81,29,48,4831,1967,"5059","OIZ"
"BARBOSA","Antioquia",8484,6233,922,87,692,35505,16418,"5079","OIZ"
"BELLO","Antioquia",66136,48351,9959,402,6192,296790,131040,"5088","OIZ"
"BELMIRA","Antioquia",1045,818,104,12,82,4470,2061,"5086","OIZ"
"BETANIA","Antioquia",2725,477,102,34,58,8241,3396,"5091","OIZ"
"BETULIA","Antioquia",4521,937,145,57,80,12791,5740,"5093","OIZ"
"BOLIVAR","Antioquia",7196,1908,398,54,259,23204,9815,"5101","OIZ"
"BRICEÑO","Antioquia",784,365,67,15,48,5819,1279,"5107","OIZ"
"BURITICA","Antioquia",1273,752,89,24,57,6429,2195,"5113","OIZ"
"CACERES","Antioquia",2468,4980,191,46,127,19416,7812,"5120","JMS"
"CAICEDO","Antioquia",2295,409,82,29,67,5784,2882,"5125","OIZ"
"CALDAS","Antioquia",11694,13230,2473,116,1762,56075,29275,"5129","JMS"
"CAMPAMENTO","Antioquia",582,947,73,13,30,5911,1645,"5134","JMS"
"CAÑASGORDAS","Antioquia",4125,2608,145,53,125,12735,7056,"5138","OIZ"
"CARACOLI","Antioquia",878,804,59,16,33,4639,1790,"5142","OIZ"
"CARAMANTA","Antioquia",1374,1102,54,28,56,5141,2614,"5145","OIZ"
"CAREPA","Antioquia",6198,9669,569,64,186,38452,16686,"5147","JMS"
"CARMEN DE VIBORAL","Antioquia",10255,5484,1251,107,994,30575,18091,"5148","OIZ"
"CAROLINA","Antioquia",738,571,92,10,77,4034,1488,"5150","OIZ"
"CAUCASIA","Antioquia",10860,13122,1116,105,684,60554,25887,"5154","JMS"
"CHIGORODO","Antioquia",5497,12313,750,74,241,41610,18875,"5172","JMS"
"CISNEROS","Antioquia",2241,2202,203,49,153,11126,4848,"5190","OIZ"
"COCORNA","Antioquia",3640,2545,129,62,101,12475,6477,"5197","OIZ"
"CONCEPCION","Antioquia",1486,520,68,23,50,4452,2147,"5206","OIZ"
"CONCORDIA","Antioquia",5131,1175,240,120,113,15381,6779,"5209","OIZ"
"COPACABANA","Antioquia",11948,11345,2102,74,1398,56567,26867,"5212","OIZ"
"DABEIBA","Antioquia",2234,3402,148,68,99,15863,5951,"5234","JMS"
"DON MATIAS","Antioquia",5841,958,410,53,198,15845,7460,"5237","OIZ"
"EBEJICO","Antioquia",3672,1450,115,38,122,11122,5397,"5240","OIZ"
"EL BAGRE","Antioquia",5363,4126,444,50,267,33331,10250,"5250","OIZ"
"ENTRERRIOS","Antioquia",2381,763,284,18,108,7480,3554,"5264","OIZ"
"ENVIGADO","Antioquia",70219,29277,8426,199,4517,225101,112638,"5266","OIZ"
"FREDONIA","Antioquia",4449,2240,326,41,218,17648,7274,"5282","OIZ"
"FRONTINO","Antioquia",2040,3137,224,65,162,16096,5628,"5284","JMS"
"GIRALDO","Antioquia",1054,866,61,9,45,3669,2035,"5306","OIZ"
"GIRARDOTA","Antioquia",7260,9755,1451,90,1010,42867,19566,"5308","JMS"
"GOMEZ PLATA","Antioquia",1662,1080,221,23,126,7944,3112,"5310","OIZ"
"GRANADA","Antioquia",3303,1008,127,41,67,10006,4546,"5313","OIZ"
"GUADALUPE","Antioquia",664,1052,91,52,62,5501,1921,"5315","JMS"
"GUARNE","Antioquia",10599,4119,1135,283,918,28996,17054,"5318","OIZ"
"GUATAPE","Antioquia",2164,1147,197,18,118,6122,3644,"5321","OIZ"
"HELICONIA","Antioquia",1238,1169,106,31,78,5801,2622,"5347","OIZ"
"HISPANIA","Antioquia",1096,909,89,10,33,5104,2137,"5353","OIZ"
"ITAGUI","Antioquia",51059,44705,8031,469,4818,231363,109082,"5360","OIZ"
"ITUANGO","Antioquia",1599,2221,307,74,198,16942,4399,"5361","JMS"
"JARDIN","Antioquia",4248,1365,295,58,100,11441,6066,"5364","OIZ"
"JERICO","Antioquia",3814,1024,211,56,117,10975,5222,"5368","OIZ"
"LA CEJA","Antioquia",14825,6685,1808,116,1216,41178,24650,"5376","OIZ"
"LA ESTRELLA","Antioquia",11471,8534,1745,48,1263,48196,23061,"5380","OIZ"
"LA PINTADA","Antioquia",2032,929,82,30,68,6109,3141,"5390","OIZ"
"LA UNION","Antioquia",6065,2107,455,33,269,15294,8929,"5400","OIZ"
"LIBORINA","Antioquia",2892,1114,111,24,69,8849,4210,"5411","OIZ"
"MACEO","Antioquia",1446,1340,90,16,31,7253,2923,"5425","OIZ"
"MARINILLA","Antioquia",11985,6080,1039,75,695,36465,19874,"5440","OIZ"
"MEDELLIN","Antioquia",447208,208597,53554,2226,27408,1412495,738993,"5001","OIZ"
"MONTEBELLO","Antioquia",1779,746,135,44,71,5911,2775,"5467","OIZ"
"MURINDO","Antioquia",48,1060,3,14,2,2508,1127,"5475","JMS"
"MUTATA","Antioquia",1138,3279,99,20,47,12039,4583,"5480","JMS"
"NARIÑO","Antioquia",3274,554,60,42,46,8867,3976,"5483","OIZ"
"NECHI","Antioquia",3368,2473,97,41,68,17285,6047,"5495","OIZ"
"NECOCLI","Antioquia",4225,8849,196,92,164,30732,13526,"5490","JMS"
"OLAYA","Antioquia",946,302,40,8,19,2769,1315,"5501","OIZ"
"PEÑOL","Antioquia",4461,2025,246,23,124,14621,6879,"5541","OIZ"
"PEQUE","Antioquia",1406,1337,52,10,36,5638,2841,"5543","OIZ"
"PUEBLORRICO","Antioquia",2435,539,91,22,52,6824,3139,"5576","OIZ"
"PUERTO BERRIO","Antioquia",5927,4947,527,51,285,33297,11737,"5579","OIZ"
"PUERTO NARE-LA MAGDALENA","Antioquia",1405,3634,108,14,83,11662,5244,"5585","JMS"
"PUERTO TRIUNFO","Antioquia",3596,1719,178,38,99,12172,5630,"5591","OIZ"
"REMEDIOS","Antioquia",1817,1640,263,10,127,15888,3857,"5604","OIZ"
"RETIRO","Antioquia",5655,2178,460,49,285,14090,8627,"5607","OIZ"
"RIONEGRO","Antioquia",30605,14158,3622,175,2536,87238,51096,"5615","OIZ"
"SABANALARGA","Antioquia",2161,850,92,26,55,6723,3184,"5628","OIZ"
"SABANETA","Antioquia",16568,11298,2115,61,1120,54213,31162,"5631","OIZ"
"SALGAR","Antioquia",4099,667,105,62,87,13000,5020,"5642","OIZ"
"SAN ANDRES","Antioquia",1284,409,115,14,88,4862,1910,"5647","OIZ"
"SAN CARLOS","Antioquia",2756,3086,122,48,98,12760,6110,"5649","JMS"
"SAN FRANCISCO","Antioquia",1186,1142,42,20,36,5950,2426,"5652","OIZ"
"SAN JERONIMO","Antioquia",3068,1654,199,26,136,11716,5083,"5656","OIZ"
"SAN JOSE DE LA MONTAÑA","Antioquia",911,401,75,11,40,3063,1438,"5658","OIZ"
"SAN JUAN DE URABA","Antioquia",1565,5596,57,57,64,15618,7339,"5659","JMS"
"SAN LUIS","Antioquia",3099,1375,139,31,71,10126,4715,"5660","OIZ"
"SAN PEDRO","Antioquia",5931,1564,706,37,479,17715,8717,"5664","OIZ"
"SAN PEDRO DE URABA","Antioquia",4229,5210,129,60,119,23674,9747,"5665","JMS"
"SAN RAFAEL","Antioquia",2859,2558,263,53,148,11793,5881,"5667","OIZ"
"SAN ROQUE","Antioquia",3786,1479,215,66,118,13752,5664,"5670","OIZ"
"SAN VICENTE","Antioquia",6698,1496,270,49,224,15748,8737,"5674","OIZ"
"SANTA BARBARA","Antioquia",5177,2890,493,63,322,21397,8945,"5679","OIZ"
"SANTA ROSA DE OSOS","Antioquia",9220,2398,823,127,570,24207,13138,"5686","OIZ"
"SANTO DOMINGO","Antioquia",2322,1454,162,52,121,8481,4111,"5690","OIZ"
"SANTUARIO","Antioquia",10412,2716,502,87,295,25148,14012,"5697","OIZ"
"SEGOVIA","Antioquia",2166,2669,433,20,166,24294,5454,"5736","JMS"
"SONSON","Antioquia",9845,2286,568,98,285,26652,13082,"5756","OIZ"
"SOPETRAN","Antioquia",2781,2248,191,43,211,11498,5474,"5761","OIZ"
"TAMESIS","Antioquia",4241,1703,314,47,208,14122,6513,"5789","OIZ"
"TARAZA","Antioquia",2173,4786,276,39,227,24855,7501,"5790","JMS"
"TARSO","Antioquia",1228,1245,69,23,105,5647,2670,"5792","JMS"
"TITIRIBI","Antioquia",1486,1515,168,32,110,8664,3311,"5809","JMS"
"TOLEDO","Antioquia",997,382,101,30,67,4226,1577,"5819","OIZ"
"TURBO","Antioquia",10209,25888,738,142,411,78990,37388,"5837","JMS"
"URAMITA","Antioquia",893,1540,46,16,57,6039,2552,"5842","JMS"
"URRAO","Antioquia",4972,2223,420,99,193,21012,7907,"5847","OIZ"
"VALDIVIA","Antioquia",1248,1732,95,31,119,11471,3225,"5854","JMS"
"VALPARAISO","Antioquia",1341,1153,93,15,76,5654,2678,"5856","OIZ"
"VEGACHI","Antioquia",2181,937,129,27,69,9973,3343,"5858","OIZ"
"VENECIA","Antioquia",2527,1645,186,26,98,10635,4482,"5861","OIZ"
"VIGIA DEL FUERTE","Antioquia",316,1807,22,16,18,5037,2179,"5873","JMS"
"YALI","Antioquia",940,757,63,18,20,5481,1798,"5885","OIZ"
"YARUMAL","Antioquia",7823,2408,766,84,483,31961,11564,"5887","OIZ"
"YOLOMBO","Antioquia",2967,1733,230,136,115,15546,5181,"5890","OIZ"
"YONDO-CASABE","Antioquia",1740,3643,127,29,102,11075,5641,"5893","JMS"
"ZARAGOZA","Antioquia",2193,2869,267,50,147,17765,5526,"5895","JMS"
"ARAUCA","Arauca",18973,9408,938,104,568,62385,29991,"81001","OIZ"
"ARAUQUITA","Arauca",2525,8280,269,63,192,24762,11329,"81065","JMS"
"CRAVO NORTE","Arauca",871,598,44,12,32,3387,1557,"81220","OIZ"
"FORTUL","Arauca",947,3888,111,30,72,9836,5048,"81300","JMS"
"PUERTO RONDON","Arauca",987,521,32,7,11,3459,1558,"81591","OIZ"
"SARAVENA","Arauca",5354,7568,468,78,338,28963,13806,"81736","JMS"
"TAME","Arauca",6663,7629,415,87,228,29423,15022,"81794","JMS"
"BARANOA","Atlántico",2736,21569,286,60,184,44081,24835,"8078","JMS"
"BARRANQUILLA","Atlántico",85755,267654,7662,909,3584,968361,365564,"8001","JMS"
"CAMPO DE LA CRUZ","Atlántico",1831,4239,39,194,96,18710,6399,"8137","JMS"
"CANDELARIA","Atlántico",606,4907,25,11,33,10734,5582,"8141","JMS"
"GALAPA","Atlántico",2113,13373,187,37,135,33272,15845,"8296","JMS"
"JUAN DE ACOSTA","Atlántico",1523,5192,91,14,139,17379,6959,"8372","JMS"
"LURUACO","Atlántico",2344,7502,99,27,147,22715,10119,"8421","JMS"
"MALAMBO","Atlántico",5551,23927,452,237,281,67327,30448,"8433","JMS"
"MANATI","Atlántico",571,5136,22,11,29,12812,5769,"8436","JMS"
"PALMAR DE VARELA","Atlántico",844,8138,65,12,57,19081,9116,"8520","JMS"
"PIOJO","Atlántico",802,1756,7,9,22,5662,2596,"8549","JMS"
"POLONUEVO","Atlántico",600,5989,64,12,69,11647,6734,"8558","JMS"
"PONEDERA","Atlántico",2195,5605,59,26,65,17219,7950,"8560","JMS"
"PUERTO COLOMBIA","Atlántico",2832,10746,195,21,106,30558,13900,"8573","JMS"
"REPELON","Atlántico",835,8175,44,221,56,17487,9331,"8606","JMS"
"SABANAGRANDE","Atlántico",1786,9440,161,25,103,22004,11515,"8634","JMS"
"SABANALARGA","Atlántico",4207,30776,335,54,350,61435,35722,"8638","JMS"
"SANTA LUCIA","Atlántico",916,3256,12,2,46,9210,4232,"8675","JMS"
"SANTO TOMAS","Atlántico",1507,9862,133,27,88,24929,11617,"8685","JMS"
"SOLEDAD","Atlántico",18170,82259,1614,177,1031,253922,103251,"8758","JMS"
"SUAN","Atlántico",541,3765,20,4,30,9273,4360,"8770","JMS"
"TUBARA","Atlántico",796,4411,46,15,42,9569,5310,"8832","JMS"
"USIACURI","Atlántico",401,3778,29,6,34,7300,4248,"8849","JMS"
"BOGOTA. D.C.","Bogotá",1075638,1337349,135070,2659,76193,5204003,2626909,"11001","JMS"
"ACHI","Bolívar",5278,1925,82,30,32,15286,7347,"13006","OIZ"
"ALTOS DEL ROSARIO","Bolívar",1040,1684,13,14,14,6207,2765,"13030","JMS"
"ARENAL","Bolívar",640,1500,22,2,20,5302,2184,"13042","JMS"
"ARJONA","Bolívar",6075,11800,514,56,259,48396,18704,"13052","JMS"
"ARROYO HONDO","Bolívar",1340,1262,10,10,30,6550,2652,"13062","OIZ"
"BARRANCO DE LOBA","Bolívar",2775,1731,22,16,67,10513,4611,"13074","OIZ"
"CALAMAR","Bolívar",3020,4384,94,36,118,16955,7652,"13140","JMS"
"CANTAGALLO","Bolívar",678,2015,37,5,15,5946,2750,"13160","JMS"
"CARTAGENA","Bolívar",89878,119841,7878,378,2409,692257,220384,"13001","JMS"
"CICUCO","Bolívar",1011,3422,23,8,27,8744,4491,"13188","JMS"
"CLEMENCIA","Bolívar",1192,2975,55,4,47,9561,4273,"13222","JMS"
"CORDOBA","Bolívar",2314,4523,39,18,28,12934,6922,"13212","JMS"
"EL CARMEN DE BOLIVAR","Bolívar",11667,11626,249,88,272,50793,23902,"13244","OIZ"
"EL GUAMO","Bolívar",979,2138,18,15,15,7055,3165,"13248","JMS"
"EL PEÑON","Bolívar",1212,1315,15,3,22,5485,2567,"13268","JMS"
"HATILLO DE LOBA","Bolívar",2126,2046,16,12,47,9615,4247,"13300","OIZ"
"MAGANGUE","Bolívar",12675,25980,388,75,398,89302,39516,"13430","JMS"
"MAHATES","Bolívar",3064,4146,62,18,75,18621,7365,"13433","JMS"
"MARGARITA","Bolívar",1541,1842,19,7,17,8460,3426,"13440","JMS"
"MARIA LA BAJA","Bolívar",3245,11600,100,38,123,35962,15106,"13442","JMS"
"MOMPOS","Bolívar",4650,8558,144,23,158,33608,13533,"13468","JMS"
"MONTECRISTO","Bolívar",1139,1579,33,7,43,8384,2801,"13458","JMS"
"MORALES","Bolívar",2408,2554,68,16,50,10311,5096,"13473","JMS"
"NOROSI","Bolívar",514,1019,14,1,15,3615,1563,"13490","JMS"
"PINILLOS","Bolívar",3034,3661,45,20,76,15566,6836,"13549","JMS"
"REGIDOR","Bolívar",700,1524,10,4,17,4284,2255,"13580","JMS"
"RIOVIEJO","Bolívar",1216,1593,33,7,28,5683,2877,"13600","JMS"
"SAN CRISTOBAL","Bolívar",503,2468,11,1,24,6053,3007,"13620","JMS"
"SAN ESTANISLAO","Bolívar",1782,4234,60,15,54,13563,6145,"13647","JMS"
"SAN FERNANDO","Bolívar",839,2082,18,6,29,7833,2974,"13650","JMS"
"SAN JACINTO","Bolívar",4488,5776,100,42,93,19368,10499,"13654","JMS"
"SAN JACINTO DEL CAUCA","Bolívar",1521,1584,24,12,61,6563,3202,"13655","JMS"
"SAN JUAN NEPOMUCENO","Bolívar",5859,6931,131,27,151,29049,13099,"13657","JMS"
"SAN MARTIN DE LOBA","Bolívar",2064,2194,40,12,47,10366,4357,"13667","JMS"
"SAN PABLO","Bolívar",2536,4459,124,33,85,16328,7237,"13670","JMS"
"SANTA CATALINA","Bolívar",772,3997,52,17,33,11136,4871,"13673","JMS"
"SANTA ROSA","Bolívar",1440,2839,72,5,36,12294,4392,"13683","JMS"
"SANTA ROSA DEL SUR","Bolívar",4871,2582,290,30,115,16803,7888,"13688","OIZ"
"SIMITI","Bolívar",2419,2375,98,24,54,11814,4970,"13744","OIZ"
"SOPLAVIENTO","Bolívar",478,3686,33,3,19,7765,4219,"13760","JMS"
"TALAIGUA NUEVO","Bolívar",1739,2534,35,10,31,8649,4349,"13780","JMS"
"TIQUISIO (PTO. RICO)","Bolívar",2493,2135,33,9,59,11548,4729,"13810","OIZ"
"TURBACO","Bolívar",6397,10902,609,55,261,55375,18224,"13836","JMS"
"TURBANA","Bolívar",2267,3475,106,17,71,13563,5936,"13838","JMS"
"VILLANUEVA","Bolívar",3581,2873,80,14,122,14210,6670,"13873","OIZ"
"ZAMBRANO","Bolívar",523,4165,23,23,35,8536,4769,"13894","JMS"
"ALMEIDA","Boyacá",565,241,15,6,18,1867,845,"15022","OIZ"
"AQUITANIA (PUEBLOVIEJO)","Boyacá",5780,859,118,234,139,12252,7130,"15047","OIZ"
"ARCABUCO","Boyacá",1231,975,109,15,76,4415,2406,"15051","OIZ"
"BELEN","Boyacá",2246,1152,140,19,150,6658,3707,"15087","OIZ"
"BERBEO","Boyacá",349,286,35,1,16,1466,687,"15090","OIZ"
"BETEITIVA","Boyacá",442,464,42,4,22,1884,974,"15092","JMS"
"BOAVITA","Boyacá",1692,656,51,6,40,5150,2445,"15097","OIZ"
"BOYACA","Boyacá",1289,660,43,29,75,4001,2096,"15104","OIZ"
"BRICEÑO","Boyacá",692,340,27,5,11,1977,1075,"15106","OIZ"
"BUENAVISTA","Boyacá",1428,809,36,22,44,4503,2339,"15109","OIZ"
"BUSBANZA","Boyacá",247,122,21,5,11,763,406,"15114","OIZ"
"CALDAS","Boyacá",925,617,50,6,31,3072,1629,"15131","OIZ"
"CAMPOHERMOSO","Boyacá",845,442,43,1,8,2502,1339,"15135","OIZ"
"CERINZA","Boyacá",1045,577,94,6,93,3303,1815,"15162","OIZ"
"CHINAVITA","Boyacá",1058,455,21,6,22,3101,1562,"15172","OIZ"
"CHIQUINQUIRA","Boyacá",10484,8694,913,38,701,38741,20830,"15176","OIZ"
"CHIQUIZA","Boyacá",784,1430,49,19,138,4236,2420,"15232","JMS"
"CHISCAS","Boyacá",1395,380,24,3,22,3542,1824,"15180","OIZ"
"CHITA","Boyacá",2744,394,41,21,42,6430,3242,"15183","OIZ"
"CHITARAQUE","Boyacá",1322,920,42,13,42,5240,2339,"15185","OIZ"
"CHIVATA","Boyacá",734,687,23,4,46,2545,1494,"15187","OIZ"
"CHIVOR","Boyacá",640,261,15,1,20,1778,937,"15236","OIZ"
"CIENEGA","Boyacá",1836,326,48,7,25,3757,2242,"15189","OIZ"
"COMBITA","Boyacá",1997,1838,134,17,171,8320,4157,"15204","OIZ"
"COPER","Boyacá",756,878,24,5,17,3240,1680,"15212","JMS"
"CORRALES","Boyacá",738,427,51,3,70,2170,1289,"15215","OIZ"
"COVARACHIA","Boyacá",1196,221,18,11,24,3177,1470,"15218","OIZ"
"CUBARA","Boyacá",663,1002,72,16,59,4575,1812,"15223","JMS"
"CUCAITA","Boyacá",1062,696,68,4,39,2988,1869,"15224","OIZ"
"CUITIVA","Boyacá",731,317,19,1,23,1870,1091,"15226","OIZ"
"DUITAMA","Boyacá",22703,18130,2458,57,2276,79112,45624,"15238","OIZ"
"EL COCUY","Boyacá",1688,222,83,4,36,3711,2033,"15244","OIZ"
"EL ESPINO","Boyacá",1143,128,15,6,8,2244,1300,"15248","OIZ"
"FIRAVITOBA","Boyacá",1166,1192,99,10,98,5540,2565,"15272","JMS"
"FLORESTA","Boyacá",1070,425,51,6,40,3045,1592,"15276","OIZ"
"GACHANTIVA","Boyacá",913,594,30,9,32,2766,1578,"15293","OIZ"
"GAMEZA","Boyacá",1495,456,33,8,59,4044,2051,"15296","OIZ"
"GARAGOA","Boyacá",3385,2386,207,13,169,11535,6160,"15299","OIZ"
"GUACAMAYAS","Boyacá",803,83,20,3,11,1642,920,"15317","OIZ"
"GUATEQUE","Boyacá",2103,1906,146,17,131,8798,4303,"15322","OIZ"
"GUAYATA","Boyacá",1487,469,43,8,25,3876,2032,"15325","OIZ"
"GUICAN","Boyacá",1299,288,44,12,24,2992,1667,"15332","OIZ"
"IZA","Boyacá",641,374,35,1,24,2115,1075,"15362","OIZ"
"JENESANO","Boyacá",1622,1007,55,9,71,5296,2764,"15367","OIZ"
"JERICO","Boyacá",1376,213,22,6,22,3094,1639,"15368","OIZ"
"LA CAPILLA","Boyacá",855,433,36,3,27,2574,1354,"15380","OIZ"
"LA UVITA","Boyacá",956,238,21,9,24,2512,1248,"15403","OIZ"
"LA VICTORIA","Boyacá",352,384,14,2,9,1478,761,"15401","JMS"
"LABRANZAGRANDE","Boyacá",1250,204,22,10,20,2670,1506,"15377","OIZ"
"MACANAL","Boyacá",1206,571,30,5,32,3533,1844,"15425","OIZ"
"MARIPI","Boyacá",1623,1296,28,6,30,6561,2983,"15442","OIZ"
"MIRAFLORES","Boyacá",1692,2303,221,13,78,7548,4307,"15455","JMS"
"MONGUA","Boyacá",2136,257,28,4,36,3841,2461,"15464","OIZ"
"MONGUI","Boyacá",1330,482,63,6,44,3436,1925,"15466","OIZ"
"MONIQUIRA","Boyacá",4446,3547,273,33,339,16776,8638,"15469","OIZ"
"MOTAVITA","Boyacá",1239,1327,76,7,114,4759,2763,"15476","JMS"
"MUZO","Boyacá",2234,955,79,33,80,6961,3381,"15480","OIZ"
"NOBSA","Boyacá",2723,3442,293,12,339,10901,6809,"15491","JMS"
"NUEVO COLON","Boyacá",1441,773,79,11,65,4437,2369,"15494","OIZ"
"OICATA","Boyacá",635,534,44,2,46,2290,1261,"15500","OIZ"
"OTANCHE","Boyacá",2325,562,70,19,61,6353,3037,"15507","OIZ"
"PACHAVITA","Boyacá",796,311,26,4,19,1994,1156,"15511","OIZ"
"PAEZ","Boyacá",781,625,31,5,23,2265,1465,"15514","OIZ"
"PAIPA","Boyacá",6283,5869,625,30,551,23614,13358,"15516","OIZ"
"PAJARITO","Boyacá",661,191,18,7,12,1612,889,"15518","OIZ"
"PANQUEBA","Boyacá",705,83,13,2,10,1516,813,"15522","OIZ"
"PAUNA","Boyacá",2236,1120,67,27,62,6759,3512,"15531","OIZ"
"PAYA","Boyacá",587,119,31,4,11,1284,752,"15533","OIZ"
"PAZ DE RIO","Boyacá",635,1335,83,15,74,4418,2142,"15537","JMS"
"PESCA","Boyacá",2100,679,69,11,77,6147,2936,"15542","OIZ"
"PISBA","Boyacá",403,144,9,4,3,968,563,"15550","OIZ"
"PUERTO BOYACA","Boyacá",7670,6131,621,88,629,31446,15139,"15572","OIZ"
"QUIPAMA","Boyacá",1732,525,35,25,40,4842,2357,"15580","OIZ"
"RAMIRIQUI","Boyacá",2608,1639,127,8,90,8433,4472,"15599","OIZ"
"RAQUIRA","Boyacá",1498,812,112,11,70,4405,2503,"15600","OIZ"
"RONDON","Boyacá",733,438,36,6,21,2246,1234,"15621","OIZ"
"SABOYA","Boyacá",3273,2130,160,41,158,9419,5762,"15632","OIZ"
"SACHICA","Boyacá",949,964,60,11,74,3126,2058,"15638","JMS"
"SAMACA","Boyacá",4077,2777,279,21,298,12663,7452,"15646","OIZ"
"SAN EDUARDO","Boyacá",482,252,51,2,12,1423,799,"15660","OIZ"
"SAN JOSE DE PARE","Boyacá",1519,749,52,21,43,5155,2384,"15664","OIZ"
"SAN LUIS DE GACENO","Boyacá",1800,526,65,13,31,4485,2435,"15667","OIZ"
"SAN MATEO","Boyacá",1634,243,36,10,18,3708,1941,"15673","OIZ"
"SAN MIGUEL DE SEMA","Boyacá",883,486,38,6,37,2722,1450,"15676","OIZ"
"SAN PABLO DE BORBUR","Boyacá",2153,486,35,28,44,5775,2746,"15681","OIZ"
"SANTA MARIA","Boyacá",778,522,96,8,66,3377,1470,"15690","OIZ"
"SANTA ROSA DE VITERBO","Boyacá",2808,1443,193,14,154,7720,4612,"15693","OIZ"
"SANTA SOFIA","Boyacá",1035,423,48,9,39,2960,1554,"15696","OIZ"
"SANTANA","Boyacá",1552,1552,56,12,34,6514,3206,"15686","EMPATE"
"SATIVANORTE","Boyacá",745,399,18,3,18,2368,1183,"15720","OIZ"
"SATIVASUR","Boyacá",326,275,18,5,17,1228,641,"15723","OIZ"
"SIACHOQUE","Boyacá",2729,862,68,20,90,6011,3769,"15740","OIZ"
"SOATA","Boyacá",2533,1693,118,13,85,7203,4442,"15753","OIZ"
"SOCHA","Boyacá",1588,1069,123,22,136,6118,2938,"15757","OIZ"
"SOCOTA","Boyacá",2286,743,59,26,69,5885,3183,"15755","OIZ"
"SOGAMOSO","Boyacá",22791,19892,2452,450,2200,84787,47785,"15759","OIZ"
"SOMONDOCO","Boyacá",854,418,46,10,37,2827,1365,"15761","OIZ"
"SORA","Boyacá",747,690,40,11,45,2431,1533,"15762","OIZ"
"SORACA","Boyacá",2269,773,76,8,77,5044,3203,"15764","OIZ"
"SOTAQUIRA","Boyacá",1837,873,60,15,70,5174,2855,"15763","OIZ"
"SUSACON","Boyacá",881,388,30,17,31,2581,1347,"15774","OIZ"
"SUTAMARCHAN","Boyacá",1854,963,93,12,32,4949,2954,"15776","OIZ"
"SUTATENZA","Boyacá",1160,618,48,14,67,3597,1907,"15778","OIZ"
"TASCO","Boyacá",938,1420,45,8,73,4968,2484,"15790","JMS"
"TENZA","Boyacá",1175,568,51,13,48,3478,1855,"15798","OIZ"
"TIBANA","Boyacá",1527,1629,71,17,85,7410,3329,"15804","JMS"
"TIBASOSA","Boyacá",2189,2004,163,16,201,7716,4573,"15806","OIZ"
"TINJACA","Boyacá",769,586,47,13,33,2559,1448,"15808","OIZ"
"TIPACOQUE","Boyacá",904,714,35,12,17,3260,1682,"15810","OIZ"
"TOCA","Boyacá",2075,1617,164,11,99,6746,3966,"15814","OIZ"
"TOGUI","Boyacá",931,768,55,14,52,4190,1820,"15816","OIZ"
"TOPAGA","Boyacá",1120,499,61,5,50,2796,1735,"15820","OIZ"
"TOTA","Boyacá",1593,533,30,17,39,3953,2212,"15822","OIZ"
"TUNJA","Boyacá",23058,32950,3356,67,3036,108550,62467,"15001","JMS"
"TUNUNGUA","Boyacá",258,421,9,1,8,1234,697,"15832","JMS"
"TURMEQUE","Boyacá",1431,1126,131,10,71,5703,2769,"15835","OIZ"
"TUTA","Boyacá",2146,1578,136,18,113,6865,3991,"15837","OIZ"
"TUTAZA","Boyacá",701,274,38,2,45,1759,1060,"15839","OIZ"
"UMBITA","Boyacá",2577,639,72,9,48,5850,3345,"15842","OIZ"
"VENTAQUEMADA","Boyacá",3633,1217,202,12,209,10549,5273,"15861","OIZ"
"VILLA DE LEIVA","Boyacá",3098,2604,225,21,175,9480,6123,"15407","OIZ"
"VIRACACHA","Boyacá",1082,321,35,9,36,2580,1483,"15879","OIZ"
"ZETAQUIRA","Boyacá",1026,783,69,5,22,3771,1905,"15897","OIZ"
"AGUADAS","Caldas",7207,1952,285,98,282,18626,9824,"17013","OIZ"
"ANSERMA","Caldas",11832,2470,539,67,492,27331,15400,"17042","OIZ"
"ARANZAZU","Caldas",4752,982,166,31,168,11333,6099,"17050","OIZ"
"BELALCAZAR","Caldas",3184,1495,126,26,80,9981,4911,"17088","OIZ"
"CHINCHINA","Caldas",12711,6923,1109,100,864,41818,21707,"17174","OIZ"
"FILADELFIA","Caldas",3069,1624,134,43,91,9505,4961,"17272","OIZ"
"LA DORADA","Caldas",14833,9788,898,87,1163,56579,26769,"17380","OIZ"
"LA MERCED","Caldas",1729,943,79,16,57,5612,2824,"17388","OIZ"
"MANIZALES","Caldas",88582,62715,12061,530,7741,311783,171629,"17001","OIZ"
"MANZANARES","Caldas",6013,1650,150,36,140,15257,7989,"17433","OIZ"
"MARMATO","Caldas",1737,742,139,23,162,6275,2803,"17442","OIZ"
"MARQUETALIA","Caldas",5030,898,70,22,91,11221,6111,"17444","OIZ"
"MARULANDA","Caldas",880,483,41,12,17,2674,1433,"17446","OIZ"
"NEIRA","Caldas",6310,2989,399,79,317,18885,10094,"17486","OIZ"
"NORCASIA","Caldas",1367,1245,78,31,70,5564,2791,"17495","OIZ"
"PACORA","Caldas",3929,2335,175,42,139,11902,6620,"17513","OIZ"
"PALESTINA","Caldas",3923,3319,163,32,192,15055,7629,"17524","OIZ"
"PENSILVANIA","Caldas",8043,1135,126,56,132,16824,9492,"17541","OIZ"
"RIOSUCIO","Caldas",11513,6191,703,148,687,36715,19242,"17614","OIZ"
"RISARALDA","Caldas",3820,1332,125,36,126,10646,5439,"17616","OIZ"
"SALAMINA","Caldas",4818,2495,227,63,183,15417,7786,"17653","OIZ"
"SAMANA","Caldas",6000,2449,130,64,120,16062,8763,"17662","OIZ"
"SAN JOSE","Caldas",1949,637,50,12,19,4815,2667,"17665","OIZ"
"SUPIA","Caldas",6644,2987,413,98,674,20395,10816,"17777","OIZ"
"VICTORIA","Caldas",2322,1863,74,15,102,8297,4376,"17867","OIZ"
"VILLAMARIA","Caldas",10549,8453,1284,109,869,36472,21264,"17873","OIZ"
"VITERBO","Caldas",5374,1373,206,35,115,12584,7103,"17877","OIZ"
"ALBANIA","Caquetá",1139,528,55,9,26,3717,1757,"18029","OIZ"
"BELEN DE LOS ANDAQUIES","Caquetá",2206,848,123,25,78,7297,3280,"18094","OIZ"
"CARTAGENA DEL CHAIRA","Caquetá",1525,3235,217,34,83,16691,5094,"18150","JMS"
"CURILLO","Caquetá",1440,693,84,19,44,7284,2280,"18205","OIZ"
"EL DONCELLO","Caquetá",4007,1774,237,30,106,15487,6154,"18247","OIZ"
"EL PAUJIL","Caquetá",1884,1492,140,24,55,11413,3595,"18256","OIZ"
"FLORENCIA","Caquetá",38528,13118,2283,340,1259,108549,55528,"18001","OIZ"
"LA MONTAÑITA","Caquetá",1325,1361,93,19,47,9646,2845,"18410","JMS"
"MILAN","Caquetá",1001,673,51,10,23,6479,1758,"18460","OIZ"
"MORELIA","Caquetá",1115,277,44,10,22,3243,1468,"18479","OIZ"
"PUERTO RICO","Caquetá",3522,2406,293,37,117,17800,6375,"18592","OIZ"
"SAN JOSE DEL FRAGUA","Caquetá",2266,1139,169,30,67,8619,3671,"18610","OIZ"
"SAN VICENTE DEL CAGUAN","Caquetá",4733,4486,332,111,143,28528,9805,"18753","OIZ"
"SOLANO","Caquetá",585,865,46,7,15,7316,1518,"18756","JMS"
"SOLITA","Caquetá",903,721,86,10,28,5391,1748,"18785","OIZ"
"VALPARAISO","Caquetá",1488,1002,61,14,38,6119,2603,"18860","OIZ"
"AGUAZUL","Casanare",10923,3074,674,43,601,24755,15315,"85010","OIZ"
"CHAMEZA","Casanare",580,330,20,1,6,1393,937,"85015","OIZ"
"HATO COROZAL","Casanare",3146,540,84,13,78,6746,3861,"85125","OIZ"
"LA SALINA","Casanare",155,235,22,3,4,803,419,"85136","JMS"
"MANI","Casanare",3909,875,168,23,100,8922,5075,"85139","OIZ"
"MONTERREY","Casanare",4452,1246,339,15,146,10294,6198,"85162","OIZ"
"NUNCHIA","Casanare",2982,427,94,31,57,5940,3591,"85225","OIZ"
"OROCUE","Casanare",2344,718,93,11,62,7223,3228,"85230","OIZ"
"PAZ DE ARIPORO (MORENO)","Casanare",10351,1429,339,48,200,21104,12367,"85250","OIZ"
"PORE","Casanare",3059,502,77,24,67,5788,3729,"85263","OIZ"
"RECETOR","Casanare",477,229,38,4,19,1295,767,"85279","OIZ"
"SABANALARGA","Casanare",1013,496,52,3,26,2627,1590,"85300","OIZ"
"SACAMA","Casanare",202,397,34,7,6,1456,646,"85315","JMS"
"SAN LUIS DE PALENQUE","Casanare",2486,312,89,12,54,5327,2953,"85325","OIZ"
"TAMARA","Casanare",1870,387,55,22,43,4116,2377,"85400","OIZ"
"TAURAMENA","Casanare",6613,1396,335,21,263,14178,8628,"85410","OIZ"
"TRINIDAD","Casanare",4066,567,135,22,81,8764,4871,"85430","OIZ"
"VILLANUEVA","Casanare",6814,2261,418,28,304,18048,9825,"85440","OIZ"
"YOPAL","Casanare",40857,9720,2268,119,1706,89809,54670,"85001","OIZ"
"ALMAGUER","Cauca",355,5441,43,35,48,11985,5922,"19022","JMS"
"ARGELIA","Cauca",331,7065,123,12,69,15134,7600,"19050","JMS"
"BALBOA","Cauca",544,6071,65,32,42,15105,6754,"19075","JMS"
"BOLIVAR","Cauca",2060,10925,171,60,178,30819,13394,"19100","JMS"
"BUENOS AIRES","Cauca",1267,5981,142,42,135,14715,7567,"19110","JMS"
"CAJIBIO","Cauca",2479,6455,224,95,218,22136,9471,"19130","JMS"
"CALDONO","Cauca",1603,7681,170,106,190,19203,9750,"19137","JMS"
"CALOTO","Cauca",1860,7325,203,41,181,17055,9610,"19142","JMS"
"CORINTO","Cauca",1144,8151,253,32,176,16421,9756,"19212","JMS"
"EL TAMBO","Cauca",4326,10646,366,116,320,33278,15774,"19256","JMS"
"FLORENCIA","Cauca",462,1899,53,26,23,4406,2463,"19290","JMS"
"GUACHENE","Cauca",646,6916,94,20,108,11548,7784,"19300","JMS"
"GUAPI","Cauca",767,7280,49,24,91,18850,8211,"19318","JMS"
"INZA","Cauca",2646,3416,137,65,194,15700,6458,"19355","JMS"
"JAMBALO","Cauca",315,3341,118,57,111,7591,3942,"19364","JMS"
"LA SIERRA","Cauca",1523,2366,121,37,114,8547,4161,"19392","JMS"
"LA VEGA","Cauca",1315,4519,115,54,88,14686,6091,"19397","JMS"
"LOPEZ (MICAY)","Cauca",346,4388,29,16,18,12215,4797,"19418","JMS"
"MERCADERES","Cauca",940,5332,97,66,69,13654,6504,"19450","JMS"
"MIRANDA","Cauca",1998,8521,273,21,202,17814,11015,"19455","JMS"
"MORALES","Cauca",2001,5981,175,50,122,17411,8329,"19473","JMS"
"PADILLA","Cauca",242,3615,50,15,66,6298,3988,"19513","JMS"
"PAEZ (BELALCAZAR)","Cauca",2541,5175,206,86,251,18450,8259,"19517","JMS"
"PATIA (EL BORDO)","Cauca",2323,5165,277,35,185,24751,7985,"19532","JMS"
"PIAMONTE","Cauca",809,929,83,7,37,4591,1865,"19533","JMS"
"PIENDAMO","Cauca",5023,6170,486,68,309,25260,12056,"19548","JMS"
"POPAYAN","Cauca",40149,62528,5069,340,2999,212419,111085,"19001","JMS"
"PUERTO TEJADA","Cauca",1584,15400,316,54,287,30555,17641,"19573","JMS"
"PURACE (COCONUCO)","Cauca",1018,2697,104,22,78,8219,3919,"19585","JMS"
"ROSAS","Cauca",1370,2491,100,29,102,8158,4092,"19622","JMS"
"SAN SEBASTIAN","Cauca",776,3110,48,50,25,6980,4009,"19693","JMS"
"SANTA ROSA","Cauca",667,860,26,8,32,3931,1593,"19701","JMS"
"SANTANDER DE QUILICHAO","Cauca",9992,22672,1210,149,1066,68797,35089,"19698","JMS"
"SILVIA","Cauca",1640,8850,255,82,241,20946,11068,"19743","JMS"
"SOTARA (PAISPAMBA)","Cauca",913,2503,70,40,69,6972,3595,"19760","JMS"
"SUAREZ","Cauca",1320,5139,151,45,141,15309,6796,"19780","JMS"
"SUCRE","Cauca",251,2159,37,14,25,5111,2486,"19785","JMS"
"TIMBIO","Cauca",5450,7122,371,60,364,23590,13367,"19807","JMS"
"TIMBIQUI","Cauca",579,5322,39,110,56,13709,6106,"19809","JMS"
"TORIBIO","Cauca",634,8406,114,49,159,15697,9362,"19821","JMS"
"TOTORO","Cauca",787,4018,72,48,83,9925,5008,"19824","JMS"
"VILLA RICA","Cauca",654,6611,100,15,144,12124,7524,"19845","JMS"
"AGUACHICA","Cesar",15792,14932,798,46,630,60268,32198,"20011","OIZ"
"AGUSTIN CODAZZI","Cesar",8206,10208,383,50,244,41695,19091,"20013","JMS"
"ASTREA","Cesar",2693,3532,60,17,55,12844,6357,"20032","JMS"
"BECERRIL","Cesar",1651,4740,120,15,82,13375,6608,"20045","JMS"
"BOSCONIA","Cesar",4436,5803,205,22,164,24412,10630,"20060","JMS"
"CHIMICHAGUA","Cesar",4214,6059,112,26,149,22913,10560,"20175","JMS"
"CHIRIGUANA","Cesar",3831,5479,117,26,139,19212,9592,"20178","JMS"
"CURUMANI","Cesar",3462,7852,176,22,127,23403,11639,"20228","JMS"
"EL COPEY","Cesar",3338,6629,185,11,121,21152,10284,"20238","JMS"
"EL PASO","Cesar",2023,6690,118,14,104,17726,8949,"20250","JMS"
"GAMARRA","Cesar",1946,3250,58,8,53,9877,5315,"20295","JMS"
"GONZALEZ","Cesar",615,1329,50,6,27,3940,2027,"20310","JMS"
"LA GLORIA","Cesar",1995,3258,68,10,70,10139,5401,"20383","JMS"
"LA JAGUA DE IBIRICO","Cesar",1986,9897,197,13,178,21657,12271,"20400","JMS"
"LA PAZ","Cesar",3310,4613,100,14,82,18182,8119,"20621","JMS"
"MANAURE BALCON DEL CESAR (MANA","Cesar",1066,2435,38,10,44,6399,3593,"20443","JMS"
"PAILITAS","Cesar",1438,5279,77,14,80,13055,6888,"20517","JMS"
"PELAYA","Cesar",2197,4015,106,11,76,12570,6405,"20550","JMS"
"PUEBLO BELLO","Cesar",1878,3359,75,26,98,14106,5436,"20570","JMS"
"RIO DE ORO","Cesar",2928,3581,150,26,99,13965,6784,"20614","JMS"
"SAN ALBERTO","Cesar",3639,4195,200,26,160,17149,8220,"20710","JMS"
"SAN DIEGO","Cesar",2603,3837,132,16,82,12853,6670,"20750","JMS"
"SAN MARTIN","Cesar",3377,3971,168,13,120,13115,7649,"20770","JMS"
"TAMALAMEQUE","Cesar",1075,3789,31,6,37,9817,4938,"20787","JMS"
"VALLEDUPAR","Cesar",43857,71720,3184,173,1956,259852,120890,"20001","JMS"
"ACANDI","Chocó",938,2342,47,17,24,7918,3368,"27006","JMS"
"ALTO BAUDO (PIE DE PATO)","Chocó",132,1005,13,4,12,8974,1166,"27025","JMS"
"ATRATO (YUTO)","Chocó",934,1907,70,11,112,8722,3034,"27050","JMS"
"BAGADO","Chocó",508,1677,33,10,25,8679,2253,"27073","JMS"
"BAHIA SOLANO (MUTIS)","Chocó",725,2225,37,7,25,6989,3019,"27075","JMS"
"BAJO BAUDO (PIZARRO)","Chocó",560,1944,23,20,35,9607,2582,"27077","JMS"
"BOJAYA (BELLAVISTA)","Chocó",351,1642,17,65,44,6585,2119,"27099","JMS"
"CARMEN DEL DARIEN","Chocó",251,2031,10,11,40,5257,2343,"27150","JMS"
"CERTEGUI","Chocó",652,993,46,8,56,4044,1755,"27160","JMS"
"CONDOTO","Chocó",1826,1152,110,34,87,10167,3209,"27205","OIZ"
"EL CANTON DEL SAN PABLO (MAN.","Chocó",630,775,41,10,43,4256,1499,"27135","JMS"
"EL CARMEN","Chocó",1108,1040,88,18,61,5556,2315,"27245","OIZ"
"EL LITORAL DEL SAN JUAN","Chocó",96,2626,21,8,28,6876,2779,"27250","JMS"
"ISTMINA","Chocó",3289,2711,288,63,166,20146,6517,"27361","OIZ"
"JURADO","Chocó",275,607,14,1,8,2866,905,"27372","JMS"
"LLORO","Chocó",702,1668,35,11,79,7397,2495,"27413","JMS"
"MEDIO ATRATO (BETE)","Chocó",338,1480,14,7,36,5670,1875,"27425","JMS"
"MEDIO BAUDO (PUERTO MELUK)","Chocó",776,1422,31,15,46,7044,2290,"27430","JMS"
"MEDIO SAN JUAN","Chocó",309,709,33,7,23,7376,1081,"27450","JMS"
"NOVITA","Chocó",655,351,25,13,32,5055,1076,"27491","OIZ"
"NUQUI","Chocó",301,1465,11,5,22,5282,1804,"27495","JMS"
"QUIBDO","Chocó",10453,16859,1231,190,1323,73678,30056,"27001","JMS"
"RIO IRO","Chocó",408,844,18,12,27,3669,1309,"27580","JMS"
"RIO QUITO (PAIMADO)","Chocó",975,1935,43,17,100,5885,3070,"27600","JMS"
"RIOSUCIO","Chocó",678,3823,39,135,54,12863,4729,"27615","JMS"
"SAN JOSE DEL PALMAR","Chocó",308,733,29,5,10,4095,1085,"27660","JMS"
"SIPI","Chocó",103,48,12,1,7,2405,171,"27745","OIZ"
"TADO","Chocó",2106,2559,97,38,190,11713,4990,"27787","JMS"
"UNGUIA","Chocó",925,1363,63,10,49,8167,2410,"27800","JMS"
"UNION PANAMERICANA (LAS ANIMAS","Chocó",1211,911,42,10,58,4893,2232,"27810","OIZ"
"AYAPEL","Córdoba",5634,8281,143,213,149,31026,14420,"23068","JMS"
"BUENAVISTA","Córdoba",1751,6601,86,18,50,17636,8506,"23079","JMS"
"CANALETE","Córdoba",1569,5353,49,16,46,15668,7033,"23090","JMS"
"CERETE","Córdoba",15522,20436,774,67,552,68558,37351,"23162","JMS"
"CHIMA","Córdoba",1767,4808,28,9,39,12491,6651,"23168","JMS"
"CHINU","Córdoba",8431,11448,258,40,345,33856,20522,"23182","JMS"
"CIENAGA DE ORO","Córdoba",7569,12601,316,100,278,40078,20864,"23189","JMS"
"COTORRA (BONGO)","Córdoba",3642,4328,74,35,53,13103,8132,"23300","JMS"
"LA APARTADA (FRONTERA)","Córdoba",1176,4644,88,29,62,12801,5999,"23350","JMS"
"LORICA","Córdoba",13120,31670,579,126,418,80807,45913,"23417","JMS"
"LOS CORDOBAS","Córdoba",1970,4485,43,15,58,13167,6571,"23419","JMS"
"MOMIL","Córdoba",2253,4821,85,18,31,12514,7208,"23464","JMS"
"MONTELIBANO","Córdoba",4683,20941,561,84,302,52228,26571,"23466","JMS"
"MONTERIA","Córdoba",71881,64004,3038,301,1884,285538,141108,"23001","OIZ"
"MOÑITOS","Córdoba",3202,5684,58,40,73,17586,9057,"23500","JMS"
"PLANETA RICA","Córdoba",7209,18056,394,78,297,50770,26034,"23555","JMS"
"PUEBLO NUEVO","Córdoba",3412,9707,120,52,93,22661,13384,"23570","JMS"
"PUERTO ESCONDIDO","Córdoba",2569,5748,54,30,81,17415,8482,"23574","JMS"
"PUERTO LIBERTADOR","Córdoba",1542,10937,120,18,125,24405,12742,"23580","JMS"
"PURISIMA","Córdoba",2557,4763,89,34,61,13040,7504,"23586","JMS"
"SAHAGUN","Córdoba",9469,31889,467,61,394,76537,42280,"23660","JMS"
"SAN ANDRES DE SOTAVENTO","Córdoba",3370,13167,85,66,153,26668,16841,"23670","JMS"
"SAN ANTERO","Córdoba",3413,7946,125,26,113,19994,11623,"23672","JMS"
"SAN BERNARDO DEL VIENTO","Córdoba",3701,9312,95,31,104,25832,13243,"23675","JMS"
"SAN CARLOS","Córdoba",3463,4630,91,27,127,19432,8338,"23678","JMS"
"SAN JOSE DE URE","Córdoba",491,3274,35,14,21,6928,3835,"23682","JMS"
"SAN PELAYO","Córdoba",6247,11681,187,12,176,34841,18303,"23686","JMS"
"TIERRALTA","Córdoba",6605,17509,354,158,312,57470,24938,"23807","JMS"
"TUCHIN","Córdoba",4078,8298,64,58,243,19690,12741,"23815","JMS"
"VALENCIA","Córdoba",3985,9152,129,69,104,24420,13439,"23855","JMS"
"AGUA DE DIOS","Cundinamarca",1927,2975,147,22,125,9407,5196,"25001","JMS"
"ALBAN","Cundinamarca",1637,682,75,1,85,4795,2480,"25019","OIZ"
"ANAPOIMA","Cundinamarca",3691,2159,106,11,63,10626,6030,"25035","OIZ"
"ANOLAIMA","Cundinamarca",3388,1896,155,20,119,11067,5578,"25040","OIZ"
"APULO","Cundinamarca",2041,1773,47,12,51,6717,3924,"25599","OIZ"
"ARBELAEZ","Cundinamarca",3327,1177,180,10,96,8300,4790,"25053","OIZ"
"BELTRAN","Cundinamarca",457,452,14,1,15,2003,939,"25086","OIZ"
"BITUIMA","Cundinamarca",756,447,19,3,25,2844,1250,"25095","OIZ"
"BOJACA","Cundinamarca",1685,1618,127,10,159,5315,3599,"25099","OIZ"
"CABRERA","Cundinamarca",493,923,31,6,28,3282,1481,"25120","JMS"
"CACHIPAY","Cundinamarca",2223,2108,121,14,98,8509,4564,"25123","OIZ"
"CAJICA","Cundinamarca",9019,9096,1185,39,955,34539,20294,"25126","JMS"
"CAPARRAPI","Cundinamarca",3280,1324,100,33,78,10272,4815,"25148","OIZ"
"CAQUEZA","Cundinamarca",5135,1964,206,20,203,14097,7528,"25151","OIZ"
"CARMEN DE CARUPA","Cundinamarca",2302,714,99,17,83,6025,3215,"25154","OIZ"
"CHAGUANI","Cundinamarca",1169,514,24,6,16,3725,1729,"25168","OIZ"
"CHIA","Cundinamarca",20608,20301,2630,213,1601,77779,45353,"25175","OIZ"
"CHIPAQUE","Cundinamarca",3113,861,88,4,84,6993,4150,"25178","OIZ"
"CHOACHI","Cundinamarca",4461,1414,236,13,135,11062,6259,"25181","OIZ"
"CHOCONTA","Cundinamarca",4919,2368,299,24,246,13526,7856,"25183","OIZ"
"COGUA","Cundinamarca",3651,2957,385,17,308,12219,7318,"25200","OIZ"
"COTA","Cundinamarca",5521,4777,565,14,397,20752,11274,"25214","OIZ"
"CUCUNUBA","Cundinamarca",1917,740,113,6,108,4530,2884,"25224","OIZ"
"EL COLEGIO","Cundinamarca",5342,3865,189,26,169,18346,9591,"25245","OIZ"
"EL PEÑON","Cundinamarca",1672,354,31,22,14,4283,2093,"25258","OIZ"
"EL ROSAL","Cundinamarca",5774,2064,398,20,430,12280,8686,"25260","OIZ"
"FACATATIVA","Cundinamarca",24925,18266,2917,58,3063,80720,49229,"25269","OIZ"
"FOMEQUE","Cundinamarca",4309,1082,125,24,87,9188,5627,"25279","OIZ"
"FOSCA","Cundinamarca",2457,514,47,6,34,5353,3058,"25281","OIZ"
"FUNZA","Cundinamarca",14607,15361,1886,42,1633,55981,33529,"25286","JMS"
"FUQUENE","Cundinamarca",988,872,79,9,65,3690,2013,"25288","OIZ"
"FUSAGASUGA","Cundinamarca",27963,17177,1945,295,1597,91223,48977,"25290","OIZ"
"GACHALA","Cundinamarca",1200,1019,57,8,29,5076,2313,"25293","OIZ"
"GACHANCIPA","Cundinamarca",1955,2804,280,27,297,8519,5363,"25295","JMS"
"GACHETA","Cundinamarca",2938,1172,113,25,83,9198,4331,"25297","OIZ"
"GAMA","Cundinamarca",987,444,26,4,29,3045,1490,"25299","OIZ"
"GIRARDOT","Cundinamarca",18608,20373,1535,45,1259,79200,41820,"25307","JMS"
"GRANADA","Cundinamarca",1814,1012,107,8,113,5442,3054,"25312","OIZ"
"GUACHETA","Cundinamarca",2384,1411,253,21,207,8306,4276,"25317","OIZ"
"GUADUAS","Cundinamarca",5942,3862,388,44,294,21444,10530,"25320","OIZ"
"GUASCA","Cundinamarca",3273,1613,265,10,179,9617,5340,"25322","OIZ"
"GUATAQUI","Cundinamarca",459,543,9,8,12,2086,1031,"25324","JMS"
"GUATAVITA","Cundinamarca",1737,790,139,4,81,4747,2751,"25326","OIZ"
"GUAYABAL DE SIQUIMA","Cundinamarca",1397,540,51,0,33,3524,2021,"25328","OIZ"
"GUAYABETAL","Cundinamarca",2019,401,64,7,39,4285,2530,"25335","OIZ"
"GUTIERREZ","Cundinamarca",1419,214,25,2,11,2631,1671,"25339","OIZ"
"JERUSALEN","Cundinamarca",782,442,5,1,13,2709,1243,"25368","OIZ"
"JUNIN","Cundinamarca",1830,740,56,17,55,5483,2698,"25372","OIZ"
"LA CALERA","Cundinamarca",4763,4785,583,13,352,19108,10496,"25377","JMS"
"LA MESA","Cundinamarca",6212,5147,310,286,203,22404,12158,"25386","OIZ"
"LA PALMA","Cundinamarca",1778,1811,55,31,66,8665,3741,"25394","JMS"
"LA PEÑA","Cundinamarca",2674,376,56,30,35,5503,3171,"25398","OIZ"
"LA VEGA","Cundinamarca",3871,2296,210,23,160,11652,6560,"25402","OIZ"
"LENGUAZAQUE","Cundinamarca",3085,574,145,6,97,6606,3907,"25407","OIZ"
"MACHETA","Cundinamarca",2147,726,91,10,60,6157,3034,"25426","OIZ"
"MADRID","Cundinamarca",13796,11595,1756,45,1909,49707,29101,"25430","OIZ"
"MANTA","Cundinamarca",1470,832,64,18,18,4020,2402,"25436","OIZ"
"MEDINA","Cundinamarca",2692,902,73,17,44,6728,3728,"25438","OIZ"
"MOSQUERA","Cundinamarca",14222,13367,1635,45,1363,51230,30632,"25473","OIZ"
"NARIÑO","Cundinamarca",578,510,19,3,23,2463,1133,"25483","OIZ"
"NEMOCON","Cundinamarca",2106,2524,221,8,196,8334,5055,"25486","JMS"
"NILO","Cundinamarca",1699,1220,62,16,25,6149,3022,"25488","OIZ"
"NIMAIMA","Cundinamarca",1294,411,26,7,19,3071,1757,"25489","OIZ"
"NOCAIMA","Cundinamarca",1635,1060,85,10,51,5135,2841,"25491","OIZ"
"PACHO","Cundinamarca",5743,4041,316,45,230,19875,10375,"25513","OIZ"
"PAIME","Cundinamarca",966,1030,17,12,22,4433,2047,"25518","JMS"
"PANDI","Cundinamarca",1048,897,34,8,32,4012,2019,"25524","OIZ"
"PARATEBUENO (LA NAGUAYA)","Cundinamarca",2488,1156,65,12,64,6905,3785,"25530","OIZ"
"PASCA","Cundinamarca",1578,1708,97,4,89,7051,3476,"25535","JMS"
"PUERTO SALGAR","Cundinamarca",3115,2163,172,22,276,13044,5748,"25572","OIZ"
"PULI","Cundinamarca",895,378,17,5,17,2817,1312,"25580","OIZ"
"QUEBRADANEGRA","Cundinamarca",1801,457,41,10,34,3891,2343,"25592","OIZ"
"QUETAME","Cundinamarca",2156,677,94,11,77,5261,3015,"25594","OIZ"
"QUIPILE","Cundinamarca",2248,825,45,20,43,6084,3181,"25596","OIZ"
"RICAURTE","Cundinamarca",2286,2691,116,15,89,9961,5197,"25612","JMS"
"SAN ANTONIO DEL TEQUENDAMA","Cundinamarca",2249,1901,105,9,88,8190,4352,"25645","OIZ"
"SAN BERNARDO","Cundinamarca",2462,1269,69,8,78,7614,3886,"25649","OIZ"
"SAN CAYETANO","Cundinamarca",1254,561,40,9,21,4348,1885,"25653","OIZ"
"SAN FRANCISCO","Cundinamarca",2818,1175,140,17,91,7842,4241,"25658","OIZ"
"SAN JUAN DE RIOSECO","Cundinamarca",2590,1738,72,22,65,8876,4487,"25662","OIZ"
"SASAIMA","Cundinamarca",2917,1260,101,7,92,8417,4377,"25718","OIZ"
"SESQUILE","Cundinamarca",1844,1903,233,11,253,7304,4244,"25736","JMS"
"SIBATE","Cundinamarca",6889,4536,598,26,701,22986,12750,"25740","OIZ"
"SILVANIA","Cundinamarca",5465,2749,168,19,152,16048,8553,"25743","OIZ"
"SIMIJACA","Cundinamarca",2942,1293,181,15,164,8220,4595,"25745","OIZ"
"SOACHA","Cundinamarca",43909,48971,4637,171,4164,190969,101852,"25754","JMS"
"SOPO","Cundinamarca",3237,5470,498,6,360,14970,9571,"25758","JMS"
"SUBACHOQUE","Cundinamarca",4579,1722,311,6,270,10630,6888,"25769","OIZ"
"SUESCA","Cundinamarca",1893,3049,312,6,335,9435,5595,"25772","JMS"
"SUPATA","Cundinamarca",1628,504,47,11,46,4176,2236,"25777","OIZ"
"SUSA","Cundinamarca",1729,810,95,18,118,5052,2770,"25779","OIZ"
"SUTATAUSA","Cundinamarca",1612,453,111,9,58,3679,2243,"25781","OIZ"
"TABIO","Cundinamarca",4185,3344,512,14,353,13814,8408,"25785","OIZ"
"TAUSA","Cundinamarca",2607,474,102,15,75,5527,3273,"25793","OIZ"
"TENA","Cundinamarca",1592,1263,55,12,42,6050,2964,"25797","OIZ"
"TENJO","Cundinamarca",4026,3195,447,5,310,13067,7983,"25799","OIZ"
"TIBACUY","Cundinamarca",1037,765,29,19,18,3638,1868,"25805","OIZ"
"TIBIRITA","Cundinamarca",815,534,41,6,23,3033,1419,"25807","OIZ"
"TOCAIMA","Cundinamarca",3177,3132,131,22,139,12777,6601,"25815","OIZ"
"TOCANCIPA","Cundinamarca",5060,6792,779,20,829,21852,13480,"25817","JMS"
"TOPAIPI","Cundinamarca",959,1002,21,16,38,4084,2036,"25823","JMS"
"UBALA","Cundinamarca",2104,1224,80,20,71,8421,3499,"25839","OIZ"
"UBAQUE","Cundinamarca",2055,810,86,9,73,5478,3033,"25841","OIZ"
"UBATE","Cundinamarca",8885,4433,954,37,779,28883,15088,"25843","OIZ"
"UNE","Cundinamarca",2517,997,91,9,69,6049,3683,"25845","OIZ"
"UTICA","Cundinamarca",1859,665,34,19,25,4587,2602,"25851","OIZ"
"VENECIA","Cundinamarca",916,657,36,4,28,3438,1641,"25506","OIZ"
"VERGARA","Cundinamarca",1982,707,48,29,40,7002,2806,"25862","OIZ"
"VIANI","Cundinamarca",1176,710,42,4,29,3810,1961,"25867","OIZ"
"VILLAGOMEZ","Cundinamarca",463,511,19,4,14,1895,1011,"25871","JMS"
"VILLAPINZON","Cundinamarca",5788,1346,302,22,182,12299,7640,"25873","OIZ"
"VILLETA","Cundinamarca",8301,2959,323,40,245,21096,11868,"25875","OIZ"
"VIOTA","Cundinamarca",2991,2081,79,24,55,9915,5230,"25878","OIZ"
"YACOPI","Cundinamarca",2763,1984,51,18,82,11480,4898,"25885","OIZ"
"ZIPACON","Cundinamarca",1274,945,89,9,71,3821,2388,"25898","OIZ"
"ZIPAQUIRA","Cundinamarca",14808,24392,2535,51,2170,76180,43956,"25899","JMS"
"BARRANCO MINAS","Guainía",142,246,17,0,5,1899,410,"94343","JMS"
"CACAHUAL","Guainía",10,40,2,0,0,305,52,"94886","JMS"
"INIRIDA","Guainía",2990,3581,166,23,73,16907,6833,"94001","JMS"
"LA GUADALUPE","Guainía",32,11,0,0,0,133,43,"94885","OIZ"
"MAPIRIPANA","Guainía",21,57,7,0,0,583,85,"94663","JMS"
"MORICHAL (MORICHAL NUEVO)","Guainía",1,22,0,0,0,159,23,"94888","JMS"
"PANA PANA (CAMPO ALEGRE)","Guainía",32,128,0,1,0,288,161,"94887","JMS"
"PUERTO COLOMBIA","Guainía",35,97,3,4,2,981,141,"94884","JMS"
"SAN FELIPE","Guainía",93,92,6,2,2,678,195,"94883","OIZ"
"CALAMAR","Guaviare",370,1452,40,9,18,4913,1889,"95015","JMS"
"EL RETORNO","Guaviare",1872,2286,129,24,69,9125,4380,"95025","JMS"
"MIRAFLORES","Guaviare",164,928,26,7,12,4165,1137,"95200","JMS"
"SAN JOSE DEL GUAVIARE","Guaviare",8328,5400,608,193,380,34915,14909,"95001","OIZ"
"ACEVEDO","Huila",9743,671,123,47,93,17268,10677,"41006","OIZ"
"AGRADO","Huila",2364,909,105,17,54,6159,3449,"41013","OIZ"
"AIPE","Huila",3917,2094,180,20,120,14586,6331,"41016","OIZ"
"ALGECIRAS","Huila",3044,2602,127,33,113,13530,5919,"41020","OIZ"
"ALTAMIRA","Huila",911,434,43,5,30,2840,1423,"41026","OIZ"
"BARAYA","Huila",1478,875,60,20,71,5895,2504,"41078","OIZ"
"CAMPOALEGRE","Huila",6763,3474,338,35,385,23580,10995,"41132","OIZ"
"COLOMBIA","Huila",2141,659,51,17,30,6505,2898,"41206","OIZ"
"ELIAS","Huila",1385,226,27,9,22,2833,1669,"41244","OIZ"
"GARZON","Huila",18425,4369,1059,71,631,49043,24555,"41298","OIZ"
"GIGANTE","Huila",6738,1683,304,38,217,17892,8980,"41306","OIZ"
"GUADALUPE","Huila",5446,784,130,17,111,11555,6488,"41319","OIZ"
"HOBO","Huila",1948,612,73,7,56,5315,2696,"41349","OIZ"
"IQUIRA","Huila",2528,887,120,15,72,6523,3622,"41357","OIZ"
"ISNOS","Huila",7681,1823,264,72,209,17129,10049,"41359","OIZ"
"LA ARGENTINA (PLATA VIEJA)","Huila",3778,805,155,21,111,9408,4870,"41378","OIZ"
"LA PLATA","Huila",14252,3714,521,93,408,38306,18988,"41396","OIZ"
"NATAGA","Huila",1843,364,52,9,28,4158,2296,"41483","OIZ"
"NEIVA","Huila",62229,44128,4744,216,3272,238445,114589,"41001","OIZ"
"OPORAPA","Huila",4234,276,72,5,44,6993,4631,"41503","OIZ"
"PAICOL","Huila",2335,229,71,7,48,4513,2690,"41518","OIZ"
"PALERMO","Huila",6487,2544,272,22,188,19861,9513,"41524","OIZ"
"PALESTINA","Huila",3802,461,123,19,73,8081,4478,"41530","OIZ"
"PITAL","Huila",3998,662,105,12,66,8872,4843,"41548","OIZ"
"PITALITO","Huila",32194,7035,1122,117,829,81905,41297,"41551","OIZ"
"RIVERA","Huila",4153,2608,262,18,215,15448,7256,"41615","OIZ"
"SALADOBLANCO","Huila",4685,371,54,26,27,8039,5163,"41660","OIZ"
"SAN AGUSTIN","Huila",9287,2439,352,73,255,22119,12406,"41668","OIZ"
"SANTA MARIA","Huila",3635,398,72,7,68,7516,4180,"41676","OIZ"
"SUAZA","Huila",5205,803,113,38,84,10859,6243,"41770","OIZ"
"TARQUI","Huila",4917,975,168,20,106,10994,6186,"41791","OIZ"
"TELLO","Huila",2938,1340,126,20,111,10483,4535,"41799","OIZ"
"TERUEL","Huila",2802,475,54,10,35,6228,3376,"41801","OIZ"
"TESALIA (CARNICERIAS)","Huila",3472,503,110,13,112,7520,4210,"41797","OIZ"
"TIMANA","Huila",6715,1344,152,30,110,14480,8351,"41807","OIZ"
"VILLAVIEJA","Huila",1637,1470,75,16,74,6423,3272,"41872","OIZ"
"YAGUARA","Huila",2182,880,167,10,170,6551,3409,"41885","OIZ"
"ALBANIA","Guajira",1635,4624,108,18,83,15674,6468,"44035","JMS"
"BARRANCAS","Guajira",2530,7122,112,15,78,23135,9857,"44078","JMS"
"DIBULLA","Guajira",1545,6260,66,15,60,20295,7946,"44090","JMS"
"DISTRACCION","Guajira",988,2811,43,4,28,7739,3874,"44098","JMS"
"EL MOLINO","Guajira",763,2624,18,3,12,6331,3420,"44110","JMS"
"FONSECA","Guajira",2312,10414,157,12,91,23839,12986,"44279","JMS"
"HATONUEVO","Guajira",1080,4808,84,10,54,12872,6036,"44378","JMS"
"LA JAGUA DEL PILAR","Guajira",432,1350,12,2,10,3655,1806,"44420","JMS"
"MAICAO","Guajira",9085,20104,568,81,341,109613,30179,"44430","JMS"
"MANAURE","Guajira",1740,6074,90,56,119,50470,8079,"44560","JMS"
"RIOHACHA","Guajira",10013,31552,976,124,436,100254,43101,"44001","JMS"
"SAN JUAN DEL CESAR","Guajira",7273,6299,269,14,171,29492,14026,"44650","OIZ"
"URIBIA","Guajira",2769,6725,115,70,168,87532,9847,"44847","JMS"
"URUMITA","Guajira",1118,3143,42,7,29,7696,4339,"44855","JMS"
"VILLANUEVA","Guajira",2810,6143,119,13,87,16974,9172,"44874","JMS"
"ALGARROBO","Magdalena",905,3877,48,19,78,8874,4927,"47030","JMS"
"ARACATACA","Magdalena",2909,7822,154,37,204,26809,11126,"47053","JMS"
"ARIGUANI (EL DIFICIL)","Magdalena",3344,6191,125,30,91,20834,9781,"47058","JMS"
"CERRO DE SAN ANTONIO","Magdalena",442,3328,9,5,15,7978,3799,"47161","JMS"
"CHIVOLO","Magdalena",2182,3837,27,4,33,12327,6083,"47170","JMS"
"CIENAGA","Magdalena",10141,19863,599,60,427,76163,31090,"47189","JMS"
"CONCORDIA","Magdalena",869,3977,11,6,28,10252,4891,"47205","JMS"
"EL BANCO","Magdalena",8247,11108,232,36,245,44049,19868,"47245","JMS"
"EL PIÑON","Magdalena",1537,5438,34,15,51,12509,7075,"47258","JMS"
"EL RETEN","Magdalena",764,5289,40,11,49,11818,6153,"47268","JMS"
"FUNDACION","Magdalena",9040,10439,390,34,199,47620,20102,"47288","JMS"
"GUAMAL","Magdalena",2482,4983,75,23,62,21463,7625,"47318","JMS"
"NUEVA GRANADA","Magdalena",3428,3693,38,47,63,13707,7269,"47460","JMS"
"PEDRAZA","Magdalena",1190,2705,22,4,47,8690,3968,"47541","JMS"
"PIJIÑO DEL CARMEN","Magdalena",1744,1973,28,8,35,7592,3788,"47545","JMS"
"PIVIJAY","Magdalena",1703,11601,94,30,85,27784,13513,"47551","JMS"
"PLATO","Magdalena",5208,11741,153,47,179,36776,17328,"47555","JMS"
"PUEBLOVIEJO","Magdalena",2152,6661,73,30,82,20024,8998,"47570","JMS"
"REMOLINO","Magdalena",437,3216,16,17,36,7011,3722,"47605","JMS"
"SABANAS DE SAN ANGEL","Magdalena",1951,3301,19,14,54,9933,5339,"47660","JMS"
"SALAMINA","Magdalena",997,2731,31,8,23,7246,3790,"47675","JMS"
"SAN SEBASTIAN DE BUENAVISTA","Magdalena",1866,5415,30,11,36,14956,7358,"47692","JMS"
"SAN ZENON","Magdalena",721,3474,16,0,25,7616,4236,"47703","JMS"
"SANTA ANA","Magdalena",3987,3476,40,12,58,14471,7573,"47707","OIZ"
"SANTA BARBARA DE PINTO","Magdalena",945,3374,14,5,21,7668,4359,"47720","JMS"
"SANTA MARTA","Magdalena",40581,85469,3578,147,1827,297561,131602,"47001","JMS"
"SITIONUEVO","Magdalena",1147,5692,44,14,82,17715,6979,"47745","JMS"
"TENERIFE","Magdalena",785,3928,21,9,18,9616,4761,"47798","JMS"
"ZAPAYAN","Magdalena",1693,1807,12,10,31,7518,3553,"47960","JMS"
"ZONA BANANERA (SEVILLA)","Magdalena",4094,12302,217,40,196,40922,16849,"47980","JMS"
"ACACIAS","Meta",22412,7662,1159,75,1565,51288,32873,"50006","OIZ"
"BARRANCA DE UPIA","Meta",1282,730,57,4,54,4104,2127,"50110","OIZ"
"CABUYARO","Meta",1423,873,43,11,31,4409,2381,"50124","OIZ"
"CASTILLA LA NUEVA","Meta",4187,1908,281,10,358,9488,6744,"50150","OIZ"
"CUBARRAL","Meta",2091,550,61,10,47,4854,2759,"50223","OIZ"
"CUMARAL","Meta",5593,2417,330,14,217,14598,8571,"50226","OIZ"
"EL CALVARIO","Meta",671,200,19,2,8,1638,900,"50245","OIZ"
"EL CASTILLO","Meta",1003,1308,34,13,49,5199,2407,"50251","JMS"
"EL DORADO","Meta",1227,427,41,6,21,2754,1722,"50270","OIZ"
"FUENTE DE ORO","Meta",2860,2059,115,9,111,9093,5154,"50287","OIZ"
"GRANADA","Meta",13726,8649,837,90,562,44337,23864,"50313","OIZ"
"GUAMAL","Meta",4662,1331,217,12,150,9768,6372,"50318","OIZ"
"LA MACARENA","Meta",1144,1799,103,21,29,7314,3096,"50350","JMS"
"LEJANIAS","Meta",2393,1358,95,22,81,7592,3949,"50400","OIZ"
"MAPIRIPAN","Meta",857,819,26,15,34,5681,1751,"50325","OIZ"
"MESETAS","Meta",1485,1596,86,18,54,7259,3239,"50330","JMS"
"PUERTO CONCORDIA","Meta",1218,984,53,18,45,5584,2318,"50450","OIZ"
"PUERTO GAITAN","Meta",4302,3017,258,53,275,18493,7905,"50568","OIZ"
"PUERTO LLERAS","Meta",1865,1027,67,8,48,6119,3015,"50577","OIZ"
"PUERTO LOPEZ","Meta",7672,2935,277,45,224,21536,11153,"50573","OIZ"
"PUERTO RICO","Meta",2067,1456,65,14,88,7930,3690,"50590","OIZ"
"RESTREPO","Meta",5110,1960,225,10,150,14568,7455,"50606","OIZ"
"SAN CARLOS DE GUAROA","Meta",2771,1280,107,12,97,7191,4267,"50680","OIZ"
"SAN JUAN DE ARAMA","Meta",1566,1135,73,17,52,5654,2843,"50683","OIZ"
"SAN JUANITO","Meta",614,97,30,1,1,1234,743,"50686","OIZ"
"SAN MARTIN DE LOS LLANOS","Meta",6159,2830,342,23,295,17012,9649,"50689","OIZ"
"URIBE","Meta",266,1573,23,6,32,4222,1900,"50370","JMS"
"VILLAVICENCIO","Meta",101672,51686,6643,358,4782,307107,165141,"50001","OIZ"
"VISTA HERMOSA","Meta",3228,2112,188,33,102,10932,5663,"50711","OIZ"
"ALBAN (SAN JOSE)","Nariño",3088,735,81,31,55,6160,3990,"52019","OIZ"
"ALDANA","Nariño",1284,1719,86,17,68,5477,3174,"52022","JMS"
"ANCUYA","Nariño",893,2544,74,10,32,7258,3553,"52036","JMS"
"ARBOLEDA (BERRUECOS)","Nariño",2065,698,86,17,48,5398,2914,"52051","OIZ"
"BARBACOAS","Nariño",1353,4532,136,38,96,20336,6155,"52079","JMS"
"BELEN","Nariño",1070,1573,108,10,27,5071,2788,"52083","JMS"
"BUESACO","Nariño",4749,3631,175,47,125,16112,8727,"52110","OIZ"
"CHACHAGUI","Nariño",1683,3433,92,34,77,9102,5319,"52240","JMS"
"COLON (GENOVA)","Nariño",1694,1395,161,37,139,6404,3426,"52203","OIZ"
"CONSACA","Nariño",1681,2949,98,24,66,8352,4818,"52207","JMS"
"CONTADERO","Nariño",1796,868,86,13,33,5384,2796,"52210","OIZ"
"CORDOBA","Nariño",1634,2726,193,43,100,9592,4696,"52215","JMS"
"CUASPUD (CARLOSAMA)","Nariño",1344,2109,123,35,71,6789,3682,"52224","JMS"
"CUMBAL","Nariño",2726,9186,253,48,149,22230,12362,"52227","JMS"
"CUMBITARA","Nariño",183,2493,45,8,24,5839,2753,"52233","JMS"
"EL CHARCO","Nariño",339,6187,30,20,76,14377,6652,"52250","JMS"
"EL PEÑOL","Nariño",1116,2153,23,12,24,5141,3328,"52254","JMS"
"EL ROSARIO","Nariño",227,2799,17,8,29,6489,3080,"52256","JMS"
"EL TABLON","Nariño",3169,2652,125,17,45,10315,6008,"52258","OIZ"
"EL TAMBO","Nariño",1980,4224,118,42,123,10875,6487,"52260","JMS"
"FRANCISCO PIZARRO (SALAHONDA)","Nariño",247,2057,35,10,25,5950,2374,"52520","JMS"
"FUNES","Nariño",886,2214,37,16,30,5282,3183,"52287","JMS"
"GUACHUCAL","Nariño",2033,5655,181,68,140,13509,8077,"52317","JMS"
"GUAITARILLA","Nariño",1466,3456,100,27,82,10442,5131,"52320","JMS"
"GUALMATAN","Nariño",1626,801,174,7,66,4840,2674,"52323","OIZ"
"ILES","Nariño",1496,1478,63,32,54,6646,3123,"52352","OIZ"
"IMUES","Nariño",1290,1952,70,15,62,6155,3389,"52354","JMS"
"IPIALES","Nariño",14959,19760,1439,192,1151,86661,37501,"52356","JMS"
"LA CRUZ","Nariño",4019,3353,205,34,109,12866,7720,"52378","OIZ"
"LA FLORIDA","Nariño",1481,3221,80,24,58,8851,4864,"52381","JMS"
"LA LLANADA","Nariño",441,1390,50,9,25,3114,1915,"52385","JMS"
"LA TOLA","Nariño",168,1914,11,10,28,4781,2131,"52390","JMS"
"LA UNION","Nariño",6644,3381,377,60,198,20526,10660,"52399","OIZ"
"LEIVA","Nariño",307,2994,37,11,9,6978,3358,"52405","JMS"
"LINARES","Nariño",624,4433,40,10,26,8335,5133,"52411","JMS"
"LOS ANDES (SOTOMAYOR)","Nariño",564,3320,86,22,32,6755,4024,"52418","JMS"
"MAGUI (PAYAN)","Nariño",214,2175,24,6,29,6033,2448,"52427","JMS"
"MALLAMA (PIEDRANCHA)","Nariño",370,2369,53,11,34,5734,2837,"52435","JMS"
"MOSQUERA","Nariño",241,2065,97,17,28,5550,2448,"52473","JMS"
"NARIÑO","Nariño",634,1814,42,9,36,4024,2535,"52480","JMS"
"OLAYA HERRERA","Nariño",370,5175,48,13,49,12534,5655,"52490","JMS"
"OSPINA","Nariño",1175,1647,90,20,37,5472,2969,"52506","JMS"
"PASTO","Nariño",39137,102634,4569,275,3045,266450,149660,"52001","JMS"
"POLICARPA","Nariño",219,4305,40,5,26,9176,4595,"52540","JMS"
"POTOSI","Nariño",2701,1622,119,24,89,9206,4555,"52560","OIZ"
"PROVIDENCIA","Nariño",188,1932,41,13,23,4069,2197,"52565","JMS"
"PUERRES","Nariño",1801,2068,137,23,95,7341,4124,"52573","JMS"
"PUPIALES","Nariño",4848,2600,325,76,262,13807,8111,"52585","OIZ"
"RICAURTE","Nariño",672,3546,70,70,145,12081,4503,"52612","JMS"
"ROBERTO PAYAN (SAN JOSE)","Nariño",208,3205,13,13,23,8074,3462,"52621","JMS"
"SAMANIEGO","Nariño",930,10618,188,33,113,21532,11882,"52678","JMS"
"SAN BERNARDO","Nariño",2233,1382,112,23,34,5775,3784,"52685","OIZ"
"SAN LORENZO","Nariño",3151,3752,141,62,121,12227,7227,"52687","JMS"
"SAN PABLO","Nariño",2104,4000,203,59,149,11013,6515,"52693","JMS"
"SAN PEDRO DE CARTAGO","Nariño",2033,738,79,18,48,4949,2916,"52694","OIZ"
"SANDONA","Nariño",2403,6984,164,38,116,15441,9705,"52683","JMS"
"SANTA BARBARA (ISCUANDE)","Nariño",223,1977,7,1,19,6940,2227,"52696","JMS"
"SANTACRUZ (GUACHAVES)","Nariño",285,2756,41,18,11,6393,3111,"52699","JMS"
"SAPUYES","Nariño",1117,1838,45,10,35,5341,3045,"52720","JMS"
"TAMINANGO","Nariño",1509,5211,158,32,85,13277,6995,"52786","JMS"
"TANGUA","Nariño",1466,3238,66,22,68,9114,4860,"52788","JMS"
"TUMACO","Nariño",15874,30613,1030,225,828,115142,48570,"52835","JMS"
"TUQUERRES","Nariño",3987,11290,430,224,373,32670,16304,"52838","JMS"
"YACUANQUER","Nariño",1577,3013,74,28,68,7682,4760,"52885","JMS"
"ABREGO","NortedeSantander",5320,3561,185,47,109,19949,9222,"54003","OIZ"
"ARBOLEDAS","NortedeSantander",2072,1671,56,16,46,6483,3861,"54051","OIZ"
"BOCHALEMA","NortedeSantander",1618,1731,91,12,72,5751,3524,"54099","JMS"
"BUCARASICA","NortedeSantander",1333,503,59,16,31,4178,1942,"54109","OIZ"
"CACHIRA","NortedeSantander",2838,644,42,12,33,6850,3569,"54128","OIZ"
"CACOTA","NortedeSantander",730,360,31,5,13,2079,1139,"54125","OIZ"
"CHINACOTA","NortedeSantander",3207,2767,261,18,217,10960,6470,"54172","OIZ"
"CHITAGA","NortedeSantander",2850,870,75,23,86,7275,3904,"54174","OIZ"
"CONVENCION","NortedeSantander",1220,3023,123,19,81,14990,4466,"54206","JMS"
"CUCUTA","NortedeSantander",102157,124480,8842,636,5914,505374,242029,"54001","JMS"
"CUCUTILLA","NortedeSantander",1857,1303,75,36,63,5945,3334,"54223","OIZ"
"DURANIA","NortedeSantander",953,1280,45,2,33,4245,2313,"54239","JMS"
"EL CARMEN","NortedeSantander",1575,2227,67,14,62,9740,3945,"54245","JMS"
"EL TARRA","NortedeSantander",152,3317,38,9,48,9103,3564,"54250","JMS"
"EL ZULIA","NortedeSantander",3624,5199,278,26,209,19070,9336,"54261","JMS"
"GRAMALOTE","NortedeSantander",1533,1079,64,23,38,4729,2737,"54313","OIZ"
"HACARI","NortedeSantander",169,2571,51,6,58,6370,2855,"54344","JMS"
"HERRAN","NortedeSantander",818,476,22,9,35,3270,1360,"54347","OIZ"
"LA ESPERANZA","NortedeSantander",2216,1314,54,16,63,7876,3663,"54385","OIZ"
"LA PLAYA","NortedeSantander",1084,1345,35,9,35,6562,2508,"54398","JMS"
"LABATECA","NortedeSantander",1325,988,35,12,42,4719,2402,"54377","OIZ"
"LOS PATIOS","NortedeSantander",15127,15035,1145,60,829,74525,32196,"54405","OIZ"
"LOURDES","NortedeSantander",1231,412,39,4,29,3120,1715,"54418","OIZ"
"MUTISCUA","NortedeSantander",1051,528,30,17,15,2626,1641,"54480","OIZ"
"OCAÑA","NortedeSantander",15404,15172,1233,98,726,71961,32633,"54498","OIZ"
"PAMPLONA","NortedeSantander",11217,7777,1202,62,1001,41439,21259,"54518","OIZ"
"PAMPLONITA","NortedeSantander",1633,519,87,19,85,3617,2343,"54520","OIZ"
"PUERTO SANTANDER","NortedeSantander",2095,1572,52,23,30,11393,3772,"54553","OIZ"
"RAGONVALIA","NortedeSantander",1289,809,55,17,39,5875,2209,"54599","OIZ"
"SALAZAR","NortedeSantander",1830,1906,105,28,109,7509,3978,"54660","JMS"
"SAN CALIXTO","NortedeSantander",93,2654,81,4,22,6704,2854,"54670","JMS"
"SAN CAYETANO","NortedeSantander",1272,1676,50,8,52,6409,3058,"54673","JMS"
"SANTIAGO","NortedeSantander",768,1007,27,3,20,3231,1825,"54680","JMS"
"SARDINATA","NortedeSantander",3907,2686,196,55,137,16809,6981,"54720","OIZ"
"SILOS","NortedeSantander",1780,343,32,13,30,3874,2198,"54743","OIZ"
"TEORAMA","NortedeSantander",301,2592,65,11,31,8328,3000,"54800","JMS"
"TIBU","NortedeSantander",2411,7469,256,38,175,28248,10349,"54810","JMS"
"TOLEDO","NortedeSantander",3968,1693,195,36,167,11851,6059,"54820","OIZ"
"VILLA CARO","NortedeSantander",1306,374,24,11,24,3596,1739,"54871","OIZ"
"VILLA DEL ROSARIO","NortedeSantander",14570,14282,903,80,668,74615,30503,"54874","OIZ"
"COLON","Putumayo",946,1241,60,10,18,3985,2275,"86219","JMS"
"MOCOA","Putumayo",6434,8736,722,47,319,32512,16258,"86001","JMS"
"ORITO","Putumayo",1627,9150,237,49,173,24004,11236,"86320","JMS"
"PUERTO ASIS","Putumayo",5239,8991,590,75,275,37843,15170,"86568","JMS"
"PUERTO CAICEDO","Putumayo",509,3187,125,26,52,8272,3899,"86569","JMS"
"PUERTO GUZMAN","Putumayo",1280,2079,154,19,40,10298,3572,"86571","JMS"
"PUERTO LEGUIZAMO","Putumayo",2192,1938,102,28,54,13346,4314,"86573","OIZ"
"SAN FRANCISCO","Putumayo",1027,1339,92,10,32,4485,2500,"86755","JMS"
"SAN MIGUEL (LA DORADA)","Putumayo",326,4216,53,31,48,10804,4674,"86757","JMS"
"SANTIAGO","Putumayo",946,1478,65,23,38,5657,2550,"86760","JMS"
"SIBUNDOY","Putumayo",2031,2986,230,15,65,9846,5327,"86749","JMS"
"VALLE DEL GUAMUEZ (LA HORMIGA)","Putumayo",905,9166,121,32,83,21666,10307,"86865","JMS"
"VILLAGARZON","Putumayo",2935,3367,260,43,155,14140,6760,"86885","JMS"
"ARMENIA","Quindío",56074,53544,7152,315,4653,236387,121738,"63001","OIZ"
"BUENAVISTA","Quindío",760,608,29,11,30,2786,1438,"63111","OIZ"
"CALARCA","Quindío",15899,11625,1331,113,1186,55831,30154,"63130","OIZ"
"CIRCASIA","Quindío",6512,4854,556,46,406,21111,12374,"63190","OIZ"
"CORDOBA","Quindío",1217,1361,53,18,63,4815,2712,"63212","JMS"
"FILANDIA","Quindío",3011,2144,203,32,174,9842,5564,"63272","OIZ"
"GENOVA","Quindío",2156,1433,109,26,103,7107,3827,"63302","OIZ"
"LA TEBAIDA","Quindío",6513,6645,499,60,675,26127,14392,"63401","JMS"
"MONTENEGRO","Quindío",8297,6573,686,87,769,31843,16412,"63470","OIZ"
"PIJAO","Quindío",1784,1206,63,23,67,5976,3143,"63548","OIZ"
"QUIMBAYA","Quindío",6511,7317,561,128,521,28768,15038,"63594","JMS"
"SALENTO","Quindío",1799,1098,111,4,81,5478,3093,"63690","OIZ"
"APIA","Risaralda",3792,1434,207,46,175,10259,5654,"66045","OIZ"
"BALBOA","Risaralda",1665,1148,81,14,80,5409,2988,"66075","OIZ"
"BELEN DE UMBRIA","Risaralda",8419,1963,370,59,291,20783,11102,"66088","OIZ"
"DOSQUEBRADAS","Risaralda",36021,31788,4868,435,3402,141950,76514,"66170","OIZ"
"GUATICA","Risaralda",4466,909,195,35,157,10134,5762,"66318","OIZ"
"LA CELIA","Risaralda",2463,757,105,18,106,6287,3449,"66383","OIZ"
"LA VIRGINIA","Risaralda",6658,6860,711,67,583,29774,14879,"66400","JMS"
"MARSELLA","Risaralda",5337,2244,276,56,247,15270,8160,"66440","OIZ"
"MISTRATO","Risaralda",2784,2466,171,51,186,10418,5658,"66456","OIZ"
"PEREIRA","Risaralda",93304,81014,12091,613,7467,377378,194489,"66001","OIZ"
"PUEBLO RICO","Risaralda",1602,2129,88,61,69,8310,3949,"66572","JMS"
"QUINCHIA","Risaralda",4721,5133,405,115,507,19061,10881,"66594","JMS"
"SANTA ROSA DE CABAL","Risaralda",17706,10229,1877,189,1298,56234,31299,"66682","OIZ"
"SANTUARIO","Risaralda",3847,1602,184,38,178,12223,5849,"66687","OIZ"
"PROVIDENCIA","SanAndrés",543,636,33,2,4,3876,1218,"88564","JMS"
"SAN ANDRES","SanAndrés",4171,5145,336,22,88,41767,9762,"88001","JMS"
"AGUADA","Santander",552,282,15,2,8,1436,859,"68013","OIZ"
"ALBANIA","Santander",925,577,19,10,26,3308,1557,"68020","OIZ"
"ARATOCA","Santander",1902,1518,100,19,77,6190,3616,"68051","OIZ"
"BARBOSA","Santander",5121,5645,351,28,357,22974,11502,"68077","JMS"
"BARICHARA","Santander",1953,1205,120,10,85,6110,3373,"68079","OIZ"
"BARRANCABERMEJA","Santander",19004,61364,2321,128,1709,155058,84526,"68081","JMS"
"BETULIA","Santander",1024,813,69,10,49,3871,1965,"68092","OIZ"
"BOLIVAR","Santander",2033,2024,106,34,100,8586,4297,"68101","OIZ"
"BUCARAMANGA","Santander",92538,130869,10565,308,5898,475132,240178,"68001","JMS"
"CABRERA","Santander",506,389,24,1,5,1607,925,"68121","OIZ"
"CALIFORNIA","Santander",508,155,43,2,23,1573,731,"68132","OIZ"
"CAPITANEJO","Santander",1696,603,45,14,38,4833,2396,"68147","OIZ"
"CARCASI","Santander",1345,599,27,10,23,3644,2004,"68152","OIZ"
"CEPITA","Santander",628,502,10,6,17,1800,1163,"68160","OIZ"
"CERRITO","Santander",1293,1236,38,7,50,4499,2624,"68162","OIZ"
"CHARALA","Santander",1449,3680,123,26,66,9582,5344,"68167","JMS"
"CHARTA","Santander",1449,574,30,5,18,3334,2076,"68169","OIZ"
"CHIMA","Santander",633,640,33,9,28,2348,1343,"68176","JMS"
"CHIPATA","Santander",484,1534,52,14,23,4104,2107,"68179","JMS"
"CIMITARRA","Santander",5622,5265,319,53,422,26172,11681,"68190","OIZ"
"CONCEPCION","Santander",1516,1142,64,8,39,4786,2769,"68207","OIZ"
"CONFINES","Santander",828,491,20,10,26,2267,1375,"68209","OIZ"
"CONTRATACION","Santander",759,684,50,7,33,2770,1533,"68211","OIZ"
"COROMORO","Santander",1176,1088,49,22,37,4047,2372,"68217","OIZ"
"CURITI","Santander",2760,2111,128,24,105,8001,5128,"68229","OIZ"
"EL CARMEN","Santander",4283,1380,149,22,146,10423,5980,"68235","OIZ"
"EL GUACAMAYO","Santander",445,451,18,1,20,1584,935,"68245","JMS"
"EL PEÑON","Santander",720,899,36,15,29,3174,1699,"68250","JMS"
"EL PLAYON","Santander",2970,2246,122,32,122,11266,5492,"68255","OIZ"
"ENCINO","Santander",575,589,14,3,11,2040,1192,"68264","JMS"
"ENCISO","Santander",776,953,44,6,19,3198,1798,"68266","JMS"
"FLORIAN","Santander",738,1611,18,8,14,4965,2389,"68271","JMS"
"FLORIDABLANCA","Santander",38743,49474,4261,153,2571,168816,95202,"68276","JMS"
"GALAN","Santander",949,395,22,202,17,2471,1585,"68296","OIZ"
"GAMBITA","Santander",778,830,32,6,28,3193,1674,"68298","JMS"
"GIRON","Santander",21398,28081,2270,82,1554,97590,53385,"68307","JMS"
"GUACA","Santander",1747,943,55,11,37,5171,2793,"68318","OIZ"
"GUADALUPE","Santander",1598,631,64,9,57,4204,2359,"68320","OIZ"
"GUAPOTA","Santander",540,543,19,6,20,1842,1128,"68322","JMS"
"GUAVATA","Santander",897,1183,47,13,37,4446,2177,"68324","JMS"
"GUEPSA","Santander",631,1275,51,12,31,4027,2000,"68327","JMS"
"HATO","Santander",346,668,28,6,42,1784,1090,"68344","JMS"
"JESUS MARIA","Santander",754,748,30,2,26,3152,1560,"68368","OIZ"
"JORDAN","Santander",524,96,11,4,5,1018,640,"68370","OIZ"
"LA BELLEZA","Santander",1929,617,62,5,16,5182,2629,"68377","OIZ"
"LA PAZ","Santander",1029,823,46,6,24,4077,1928,"68397","OIZ"
"LANDAZURI","Santander",1761,2142,129,20,110,9218,4162,"68385","JMS"
"LEBRIJA","Santander",8242,6977,481,39,385,28034,16124,"68406","OIZ"
"LOS SANTOS","Santander",2216,2460,198,17,142,8179,5033,"68418","JMS"
"MACARAVITA","Santander",832,272,13,1,12,2189,1130,"68425","OIZ"
"MALAGA","Santander",4637,3012,286,19,249,14869,8203,"68432","OIZ"
"MATANZA","Santander",1992,723,60,22,35,4847,2832,"68444","OIZ"
"MOGOTES","Santander",2274,1455,110,17,141,7339,3997,"68464","OIZ"
"MOLAGAVITA","Santander",1462,332,40,9,24,3571,1867,"68468","OIZ"
"OCAMONTE","Santander",1126,1028,28,5,26,3677,2213,"68498","OIZ"
"OIBA","Santander",2519,1693,129,12,121,8124,4474,"68500","OIZ"
"ONZAGA","Santander",1173,726,36,21,42,3793,1998,"68502","OIZ"
"PALMAR","Santander",254,468,11,1,13,1308,747,"68522","JMS"
"PALMAS DEL SOCORRO","Santander",696,630,26,9,21,2412,1382,"68524","OIZ"
"PARAMO","Santander",1262,664,47,4,46,2977,2023,"68533","OIZ"
"PIEDECUESTA","Santander",22940,26378,2178,283,1803,93023,53582,"68547","JMS"
"PINCHOTE","Santander",952,747,47,5,35,2917,1786,"68549","OIZ"
"PUENTE NACIONAL","Santander",2639,2973,166,10,134,12323,5922,"68572","JMS"
"PUERTO PARRA","Santander",1117,1001,63,12,56,5211,2249,"68573","OIZ"
"PUERTO WILCHES","Santander",4014,6553,194,39,207,22147,11007,"68575","JMS"
"RIONEGRO","Santander",5477,4746,302,36,256,21094,10817,"68615","OIZ"
"SABANA DE TORRES","Santander",4430,4694,270,39,218,19187,9651,"68655","JMS"
"SAN ANDRES","Santander",2191,1496,72,25,50,6944,3834,"68669","OIZ"
"SAN BENITO","Santander",641,783,21,3,12,2933,1460,"68673","JMS"
"SAN GIL","Santander",9181,9931,927,18,591,37904,20648,"68679","JMS"
"SAN JOAQUIN","Santander",585,514,26,9,19,2185,1153,"68682","OIZ"
"SAN JOSE DE MIRANDA","Santander",1609,536,59,12,30,3863,2246,"68684","OIZ"
"SAN MIGUEL","Santander",761,336,16,6,8,2093,1127,"68686","OIZ"
"SAN VICENTE DE CHUCURI","Santander",6814,4343,440,39,326,24221,11962,"68689","OIZ"
"SANTA BARBARA","Santander",737,385,25,8,19,1853,1174,"68705","OIZ"
"SANTA HELENA DEL OPON","Santander",797,606,79,5,21,2989,1508,"68720","OIZ"
"SIMACOTA","Santander",1472,1572,62,19,52,5705,3177,"68745","JMS"
"SOCORRO","Santander",5655,6021,393,19,249,22206,12337,"68755","JMS"
"SUAITA","Santander",1498,2333,113,13,93,8148,4050,"68770","JMS"
"SUCRE","Santander",1985,813,58,6,45,5917,2907,"68773","OIZ"
"SURATA","Santander",995,543,37,9,34,2803,1618,"68780","OIZ"
"TONA","Santander",1250,1422,86,12,79,4873,2849,"68820","JMS"
"VALLE DE SAN JOSE","Santander",1478,1161,62,5,50,4381,2756,"68855","OIZ"
"VELEZ","Santander",3134,4744,259,30,273,15968,8440,"68861","JMS"
"VETAS","Santander",683,117,29,0,19,1430,848,"68867","OIZ"
"VILLANUEVA","Santander",2208,1093,118,11,51,6217,3481,"68872","OIZ"
"ZAPATOCA","Santander",2199,1103,112,11,86,7120,3511,"68895","OIZ"
"BUENAVISTA","Sucre",1223,3658,50,16,27,9190,4974,"70110","JMS"
"CAIMITO","Sucre",1016,3910,33,10,36,8397,5005,"70124","JMS"
"CHALAN","Sucre",1143,1263,20,7,13,4352,2446,"70230","JMS"
"COLOSO (RICAURTE)","Sucre",1435,2257,36,20,28,6486,3776,"70204","JMS"
"COROZAL","Sucre",9056,14184,479,20,317,44135,24056,"70215","JMS"
"COVEÑAS","Sucre",2325,3810,132,18,95,10050,6380,"70221","JMS"
"EL ROBLE","Sucre",1040,3077,25,10,23,7466,4175,"70233","JMS"
"GALERAS (NUEVA GRANADA)","Sucre",3691,4506,111,26,67,15009,8401,"70235","JMS"
"GUARANDA","Sucre",3663,2722,52,16,49,12014,6502,"70265","OIZ"
"LA UNION","Sucre",1170,3806,55,13,24,9166,5068,"70400","JMS"
"LOS PALMITOS","Sucre",2800,7385,89,19,75,16691,10368,"70418","JMS"
"MAJAGUAL","Sucre",6915,6928,87,38,104,25071,14072,"70429","JMS"
"MORROA","Sucre",2732,3970,115,20,68,12154,6905,"70473","JMS"
"OVEJAS","Sucre",3979,6749,106,25,96,19495,10955,"70508","JMS"
"PALMITO","Sucre",1606,3531,45,17,89,9233,5288,"70523","JMS"
"SAMPUES","Sucre",4915,12252,235,45,181,29234,17628,"70670","JMS"
"SAN BENITO ABAD","Sucre",4089,5279,58,26,82,17776,9534,"70678","JMS"
"SAN JUAN DE BETULIA (BETULIA)","Sucre",2187,4208,102,15,56,10833,6568,"70702","JMS"
"SAN MARCOS","Sucre",8256,11107,218,62,228,40135,19871,"70708","JMS"
"SAN ONOFRE","Sucre",3834,12202,144,72,181,39570,16433,"70713","JMS"
"SAN PEDRO","Sucre",3089,5363,140,25,76,15727,8693,"70717","JMS"
"SINCE","Sucre",4363,8080,216,30,164,24765,12853,"70742","JMS"
"SINCELEJO","Sucre",41416,49521,2458,198,1407,184217,95000,"70001","JMS"
"SUCRE","Sucre",4656,5168,54,29,70,19826,9977,"70771","JMS"
"TOLU","Sucre",3701,7302,227,33,159,21937,11422,"70820","JMS"
"TOLUVIEJO","Sucre",2655,7011,121,22,67,17338,9876,"70823","JMS"
"ALPUJARRA","Tolima",1598,302,25,6,31,3585,1962,"73024","OIZ"
"ALVARADO","Tolima",1804,2014,80,22,74,8110,3994,"73026","JMS"
"AMBALEMA","Tolima",1072,1956,70,11,74,6900,3183,"73030","JMS"
"ANZOATEGUI","Tolima",2817,504,56,22,66,7114,3465,"73043","OIZ"
"ARMERO (GUAYABAL)","Tolima",2073,2567,102,20,133,9969,4895,"73055","JMS"
"ATACO","Tolima",5993,1299,82,28,69,14531,7471,"73067","OIZ"
"CAJAMARCA","Tolima",6041,1623,285,38,262,15993,8249,"73124","OIZ"
"CARMEN DE APICALA","Tolima",2375,2116,93,13,82,8031,4679,"73148","OIZ"
"CASABIANCA","Tolima",1817,575,53,15,50,4763,2510,"73152","OIZ"
"CHAPARRAL","Tolima",9304,5665,342,64,256,36209,15631,"73168","OIZ"
"COELLO","Tolima",1405,2261,71,19,56,7607,3812,"73200","JMS"
"COYAIMA","Tolima",2954,4918,92,136,141,16594,8241,"73217","JMS"
"CUNDAY","Tolima",2499,865,34,24,36,7066,3458,"73226","OIZ"
"DOLORES","Tolima",2329,736,48,14,56,6440,3183,"73236","OIZ"
"ESPINAL","Tolima",15907,14030,1087,89,838,55765,31951,"73268","OIZ"
"FALAN","Tolima",1378,1531,66,24,42,5684,3041,"73270","JMS"
"FLANDES","Tolima",4524,3817,252,35,232,16676,8860,"73275","OIZ"
"FRESNO","Tolima",8966,2534,361,263,350,25411,12474,"73283","OIZ"
"GUAMO","Tolima",7964,3911,294,47,245,25217,12461,"73319","OIZ"
"HERVEO","Tolima",2251,590,55,23,70,6014,2989,"73347","OIZ"
"HONDA","Tolima",4959,4876,349,37,337,22579,10558,"73349","OIZ"
"IBAGUE","Tolima",114221,69765,9918,346,7181,370044,201431,"73001","OIZ"
"ICONONZO","Tolima",1828,2011,93,9,57,8175,3998,"73352","JMS"
"LERIDA","Tolima",2999,3860,231,18,141,14781,7249,"73408","JMS"
"LIBANO","Tolima",8820,5788,437,77,410,32391,15532,"73411","OIZ"
"MARIQUITA","Tolima",7370,6036,458,50,632,27396,14546,"73443","OIZ"
"MELGAR","Tolima",9058,3632,335,26,267,25379,13318,"73449","OIZ"
"MURILLO","Tolima",1066,332,64,7,46,3676,1515,"73461","OIZ"
"NATAGAIMA","Tolima",2686,3998,121,29,118,15328,6952,"73483","JMS"
"ORTEGA","Tolima",7752,3909,193,84,254,23501,12192,"73504","OIZ"
"PALOCABILDO","Tolima",2244,1200,95,26,48,6967,3613,"73520","OIZ"
"PIEDRAS","Tolima",713,1069,380,15,80,5387,2257,"73547","JMS"
"PLANADAS","Tolima",5143,2530,230,45,195,18846,8143,"73555","OIZ"
"PRADO","Tolima",2524,1300,81,18,58,7768,3981,"73563","OIZ"
"PURIFICACION","Tolima",4952,5360,283,40,269,19909,10904,"73585","JMS"
"RIOBLANCO","Tolima",3580,2052,173,55,88,15251,5948,"73616","OIZ"
"RONCESVALLES","Tolima",1231,412,38,14,42,3970,1737,"73622","OIZ"
"ROVIRA","Tolima",6259,1650,165,54,164,18491,8292,"73624","OIZ"
"SALDAÑA","Tolima",3787,1880,189,21,170,12288,6047,"73671","OIZ"
"SAN ANTONIO","Tolima",4099,610,72,21,99,9834,4901,"73675","OIZ"
"SAN LUIS","Tolima",3359,2566,91,32,138,10808,6186,"73678","OIZ"
"SANTA ISABEL","Tolima",2139,452,61,9,44,5857,2705,"73686","OIZ"
"SUAREZ","Tolima",1162,1042,33,6,25,4357,2268,"73770","OIZ"
"VALLE DE SAN JUAN","Tolima",1984,550,48,23,35,4967,2640,"73854","OIZ"
"VENADILLO","Tolima",2568,2629,128,26,103,11464,5454,"73861","JMS"
"VILLAHERMOSA","Tolima",2876,521,77,20,82,7002,3576,"73870","OIZ"
"VILLARRICA","Tolima",1857,508,40,15,23,5106,2443,"73873","OIZ"
"ALCALA","Valle",2280,2330,154,29,161,10950,4954,"76020","JMS"
"ANDALUCIA","Valle",2674,5796,331,27,201,19343,9029,"76036","JMS"
"ANSERMANUEVO","Valle",5490,1967,239,47,204,19162,7947,"76041","OIZ"
"ARGELIA","Valle",1674,1029,48,164,41,6423,2956,"76054","OIZ"
"BOLIVAR","Valle",3491,2014,190,27,143,13257,5865,"76100","OIZ"
"BUENAVENTURA","Valle",15440,66710,1980,242,2152,207431,86524,"76109","JMS"
"BUGA","Valle",13422,29536,2227,89,1422,95582,46696,"76111","JMS"
"BUGALAGRANDE","Valle",2398,6643,259,21,197,19210,9518,"76113","JMS"
"CAICEDONIA","Valle",8144,3988,514,72,461,28020,13179,"76122","OIZ"
"CALI","Valle",202793,375371,29258,1521,14005,1549820,622948,"76001","JMS"
"CALIMA (DARIEN)","Valle",2349,3196,233,18,151,13672,5947,"76126","JMS"
"CANDELARIA","Valle",6776,20513,1125,82,1015,65386,29511,"76130","JMS"
"CARTAGO","Valle",24812,18892,2706,154,1812,108329,48376,"76147","OIZ"
"DAGUA","Valle",7347,8054,353,141,316,33433,16211,"76233","JMS"
"EL AGUILA","Valle",3089,539,129,26,101,8191,3884,"76243","OIZ"
"EL CAIRO","Valle",1972,698,74,15,64,6717,2823,"76246","OIZ"
"EL CERRITO","Valle",5503,15984,905,50,661,51374,23103,"76248","JMS"
"EL DOVIO","Valle",2036,1940,108,17,116,9688,4217,"76250","OIZ"
"FLORIDA","Valle",5234,14361,788,233,535,48039,21151,"76275","JMS"
"GINEBRA","Valle",2938,4445,305,29,263,15459,7980,"76306","JMS"
"GUACARI","Valle",2584,10762,378,32,342,26635,14098,"76318","JMS"
"JAMUNDI","Valle",10390,26349,1482,83,986,91151,39290,"76364","JMS"
"LA CUMBRE","Valle",2361,2891,161,26,81,12307,5520,"76377","JMS"
"LA UNION","Valle",8528,3336,522,69,494,25329,12949,"76400","OIZ"
"LA VICTORIA","Valle",2560,2104,197,29,147,11396,5037,"76403","OIZ"
"OBANDO","Valle",2236,2700,136,28,137,11167,5237,"76497","JMS"
"PALMIRA","Valle",28413,71891,4844,227,2810,243441,108185,"76520","JMS"
"PRADERA","Valle",5227,11988,669,80,516,38903,18480,"76563","JMS"
"RESTREPO","Valle",2338,2949,219,26,127,14205,5659,"76606","JMS"
"RIOFRIO","Valle",3556,2962,259,35,235,15959,7047,"76616","OIZ"
"ROLDANILLO","Valle",6548,5984,521,36,451,27445,13540,"76622","OIZ"
"SAN PEDRO","Valle",2182,4167,192,21,182,14446,6744,"76670","JMS"
"SEVILLA","Valle",7437,6954,675,99,593,36736,15758,"76736","OIZ"
"TORO","Valle",3320,1728,159,19,176,12336,5402,"76823","OIZ"
"TRUJILLO","Valle",4176,2069,221,33,192,15397,6691,"76828","OIZ"
"TULUA","Valle",27781,36496,3574,199,2615,147339,70665,"76834","JMS"
"ULLOA","Valle",1097,1110,77,14,58,4658,2356,"76845","JMS"
"VERSALLES","Valle",2309,1020,122,17,101,7982,3569,"76863","OIZ"
"VIJES","Valle",1768,2264,117,12,110,10112,4271,"76869","JMS"
"YOTOCO","Valle",2126,3735,205,86,168,13655,6320,"76890","JMS"
"YUMBO","Valle",9084,28409,1644,108,1119,93764,40364,"76892","JMS"
"ZARZAL","Valle",3937,11559,518,439,437,35812,16890,"76895","JMS"
"BUENOS AIRES (PACOA)","Vaupés",22,77,1,1,1,990,102,"97511","JMS"
"CARURU","Vaupés",145,380,4,3,8,1631,540,"97161","JMS"
"MITU","Vaupés",1312,3241,80,21,51,14724,4705,"97001","JMS"
"MORICHAL (PAPUNAGUA)","Vaupés",1,20,0,0,0,113,21,"97777","JMS"
"TARAIRA","Vaupés",82,184,4,1,3,1305,274,"97666","JMS"
"YAVARATE","Vaupés",83,247,1,1,1,994,333,"97889","JMS"
"CUMARIBO","Vichada",1022,2744,50,11,53,18562,3880,"99773","JMS"
"LA PRIMAVERA","Vichada",2403,745,79,8,29,7190,3264,"99524","OIZ"
"PUERTO CARREÑO","Vichada",2808,2648,197,23,77,15621,5753,"99001","OIZ"
"SANTA ROSALIA","Vichada",848,416,8,4,3,2893,1279,"99624","OIZ"
"AFRICA","Consulados",8,7,1,1,0,17,17,NA,"OIZ"
"ALEMANIA","Consulados",158,468,55,2,2,2852,685,"276","JMS"
"ANTIGUA Y BARBUDA","Consulados",5,1,1,0,0,8,7,"7777777","OIZ"
"ARGENTINA","Consulados",432,1145,132,2,30,5771,1741,"32","JMS"
"ARUBA","Consulados",566,245,11,0,2,2881,824,"533","OIZ"
"AUSTRALIA","Consulados",398,582,111,0,3,3843,1094,"36","JMS"
"AUSTRIA","Consulados",48,121,18,0,0,513,187,"40","JMS"
"BELGICA","Consulados",111,263,23,0,4,1402,401,"56","JMS"
"BOLIVIA","Consulados",116,58,2,0,2,695,178,"68","OIZ"
"BRASIL","Consulados",230,423,27,0,3,2047,683,"76","JMS"
"CANADA","Consulados",2210,2038,212,1,17,15466,4478,"124","OIZ"
"CHILE","Consulados",549,584,65,0,9,4304,1207,"152","JMS"
"CHINA REPUBLICA POPULAR","Consulados",48,91,11,0,1,415,151,"156","JMS"
"CHIPRE","Consulados",11,3,0,0,0,42,14,"196","OIZ"
"COREA DEL SUR","Consulados",6,20,0,0,0,97,26,"410","JMS"
"COSTA RICA","Consulados",1215,516,55,0,11,7400,1797,"188","OIZ"
"CUBA","Consulados",4,28,2,1,0,198,35,"192","JMS"
"CURAZAO","Consulados",167,94,13,0,2,1286,276,NA,"OIZ"
"DINAMARCA","Consulados",0,13,0,0,0,58,13,"208","JMS"
"ECUADOR","Consulados",2318,1813,150,12,74,21324,4367,"218","OIZ"
"EGIPTO","Consulados",5,16,1,0,0,95,22,"818","JMS"
"EL SALVADOR","Consulados",99,74,11,0,1,472,185,"222","OIZ"
"EMIRATOS ARABES UNIDOS","Consulados",350,50,31,0,10,789,441,"784","OIZ"
"ESPAÑA","Consulados",4462,3607,475,4,56,80641,8604,"724","OIZ"
"ESTADOS UNIDOS","Consulados",30011,8872,746,19,72,183108,39720,"840","OIZ"
"FILIPINAS","Consulados",11,10,0,0,0,71,21,"608","OIZ"
"FINLANDIA","Consulados",11,23,2,0,0,60,36,"246","JMS"
"FRANCIA","Consulados",398,1267,88,1,13,6805,1767,"250","JMS"
"GRECIA","Consulados",14,9,3,0,0,49,26,"300","OIZ"
"GUATEMALA","Consulados",195,77,13,0,0,706,285,"320","OIZ"
"HOLANDA","Consulados",107,183,20,0,0,1537,310,"528","JMS"
"HONDURAS","Consulados",59,26,4,0,1,432,90,"340","OIZ"
"INDIA","Consulados",0,16,0,0,0,81,16,"356","JMS"
"INDONESIA","Consulados",38,41,3,0,0,193,82,"360","JMS"
"INGLATERRA","Consulados",739,952,76,0,3,8850,1770,"826","JMS"
"IRLANDA","Consulados",16,32,1,0,0,98,49,"372","JMS"
"ISRAEL","Consulados",49,38,5,0,1,744,93,"376","OIZ"
"ITALIA","Consulados",256,330,36,0,5,4720,627,"380","JMS"
"JAMAICA","Consulados",25,24,9,0,0,287,58,"388","OIZ"
"JAPON","Consulados",48,43,13,0,0,776,104,"392","OIZ"
"KENIA","Consulados",5,13,2,0,0,62,20,"404","JMS"
"LIBANO","Consulados",31,64,1,0,0,653,96,"422","JMS"
"MALASIA","Consulados",20,21,4,0,0,105,45,"458","JMS"
"MARRUECOS","Consulados",8,10,0,0,0,16,18,"504","JMS"
"MEXICO","Consulados",631,647,25,0,4,4129,1307,"484","JMS"
"NICARAGUA","Consulados",31,40,1,0,0,214,72,"558","JMS"
"NORUEGA","Consulados",15,25,3,0,0,105,43,"578","JMS"
"NUEVA ZELANDIA","Consulados",32,62,12,0,0,185,106,"554","JMS"
"PANAMA","Consulados",1323,571,63,0,4,10473,1961,"591","OIZ"
"PARAGUAY","Consulados",54,20,1,0,1,258,76,"600","OIZ"
"PERU","Consulados",510,367,50,0,3,2721,930,"604","OIZ"
"POLONIA","Consulados",19,18,3,0,0,108,40,"616","OIZ"
"PORTUGAL","Consulados",25,67,7,0,0,332,99,"620","JMS"
"PUERTO RICO","Consulados",222,106,6,0,2,1196,336,"630","OIZ"
"REPUBLICA DOMINICANA","Consulados",297,163,17,0,0,1710,477,"214","OIZ"
"RUSIA","Consulados",11,46,7,0,0,246,64,"643","JMS"
"SUDAFRICA","Consulados",34,25,8,0,0,186,67,"710","OIZ"
"SUECIA","Consulados",74,177,9,0,2,1075,262,"752","JMS"
"SUIZA","Consulados",213,356,23,0,2,2486,594,"756","JMS"
"TAILANDIA","Consulados",8,21,2,0,0,52,31,"764","JMS"
"TRINIDAD Y TOBAGO","Consulados",27,31,1,0,0,103,59,"780","JMS"
"TURQUIA","Consulados",19,11,1,0,0,72,31,"792","OIZ"
"URUGUAY","Consulados",50,83,9,0,3,388,145,"858","JMS"
"VENEZUELA","Consulados",14876,16722,178,53,235,171944,32064,"862","JMS"
